CREATE DATABASE  IF NOT EXISTS `gongsp` /*!40100 DEFAULT CHARACTER SET utf8mb4 COLLATE utf8mb4_unicode_ci */ /*!80016 DEFAULT ENCRYPTION='N' */;
USE `gongsp`;
-- MySQL dump 10.13  Distrib 8.0.28, for Win64 (x86_64)
--
-- Host: i6a301.p.ssafy.io    Database: gongsp
-- ------------------------------------------------------
-- Server version	8.0.28-0ubuntu0.20.04.3

/*!40101 SET @OLD_CHARACTER_SET_CLIENT=@@CHARACTER_SET_CLIENT */;
/*!40101 SET @OLD_CHARACTER_SET_RESULTS=@@CHARACTER_SET_RESULTS */;
/*!40101 SET @OLD_COLLATION_CONNECTION=@@COLLATION_CONNECTION */;
/*!50503 SET NAMES utf8 */;
/*!40103 SET @OLD_TIME_ZONE=@@TIME_ZONE */;
/*!40103 SET TIME_ZONE='+00:00' */;
/*!40014 SET @OLD_UNIQUE_CHECKS=@@UNIQUE_CHECKS, UNIQUE_CHECKS=0 */;
/*!40014 SET @OLD_FOREIGN_KEY_CHECKS=@@FOREIGN_KEY_CHECKS, FOREIGN_KEY_CHECKS=0 */;
/*!40101 SET @OLD_SQL_MODE=@@SQL_MODE, SQL_MODE='NO_AUTO_VALUE_ON_ZERO' */;
/*!40111 SET @OLD_SQL_NOTES=@@SQL_NOTES, SQL_NOTES=0 */;

--
-- Table structure for table `tb_achieve`
--

DROP TABLE IF EXISTS `tb_achieve`;
/*!40101 SET @saved_cs_client     = @@character_set_client */;
/*!50503 SET character_set_client = utf8mb4 */;
CREATE TABLE `tb_achieve` (
  `achieve_seq` int NOT NULL AUTO_INCREMENT,
  `achieve_name` varchar(50) CHARACTER SET utf8 COLLATE utf8_bin NOT NULL,
  `achieve_content` varchar(200) CHARACTER SET utf8 COLLATE utf8_bin NOT NULL,
  `achieve_img` varchar(1000) CHARACTER SET utf8 COLLATE utf8_bin NOT NULL,
  PRIMARY KEY (`achieve_seq`)
) ENGINE=InnoDB AUTO_INCREMENT=22 DEFAULT CHARSET=utf8mb3 COLLATE=utf8_bin;
/*!40101 SET character_set_client = @saved_cs_client */;

--
-- Dumping data for table `tb_achieve`
--

LOCK TABLES `tb_achieve` WRITE;
/*!40000 ALTER TABLE `tb_achieve` DISABLE KEYS */;
INSERT INTO `tb_achieve` VALUES (1,'자 이제 시작이야','공습에 오신걸 환영합니다!','achieve_herewestart.png'),(2,'새로운 만남은 늘 어려워','다음에는 기간 내에 스터디를 모집할 수 있을 거예요!ㅠㅠ','achieve_sadgoodbye.png'),(3,'작심삼일','3일만에 접속하셨군요!','achieve_threedays.png'),(4,'J의 하루','할 일을 20개 이상이나 등록한 당신, 계획적인 J의 자질이 충분하네요!','achieve_image4.jpg'),(5,'P의 하루','할 일을 등록하지 않고 목표 시간을 달성한 사람에게 주어지는 P의 목걸이','achieve_image5.jpg'),(6,'쉬는 것도 전략','공부시간보다 휴식시간이 더 길군요. 쉬는것도 좋은 전략이죠!','achieve_resting.png'),(7,'지금이니','스터디 시작.. 지금이니..? 정각 출석 10회라니 대단해요!','achieve_isitnow.png'),(8,'올빼미','23:59에도 공습에 있다니 올빼미족이 확실하군요','achieve_owl.png'),(9,'균형의 수호자','미팅룸 이용시간 = 스터디룸 이용시간 엄청난 밸런스 유저시군요','achieve_image9.jpg'),(10,'스터디 첫 참가','처음이군 스터디란 것은.. 후훗..','achieve_firststudy.png'),(11,'자유열람실 첫 입장','처음이군 자유열람실.. 후훗..','achieve_fristmeeting.png'),(12,'일거양득','하루에 스터디와 자유열람실을 둘 다? WoW','achieve_oneplusone.png'),(14,'앗 이것이 성취의 맛?','이것이야 말로 성취의 맛? 취해버린다 너란녀석','achieve_firstgoalachieve.png'),(15,'일찍 일어나는 새','아직 오전 7시 정도인것같은데 10분만 더 자라구!','achieve_earlybird.png');
/*!40000 ALTER TABLE `tb_achieve` ENABLE KEYS */;
UNLOCK TABLES;

--
-- Table structure for table `tb_apply_study`
--

DROP TABLE IF EXISTS `tb_apply_study`;
/*!40101 SET @saved_cs_client     = @@character_set_client */;
/*!50503 SET character_set_client = utf8mb4 */;
CREATE TABLE `tb_apply_study` (
  `study_seq` int NOT NULL,
  `user_seq` int NOT NULL,
  `apply_message` varchar(200) CHARACTER SET utf8 COLLATE utf8_bin DEFAULT NULL,
  KEY `FK_tb_study_TO_tb_apply_study_1` (`study_seq`),
  KEY `FK_tb_user_TO_tb_apply_study_1` (`user_seq`),
  CONSTRAINT `FK_tb_study_TO_tb_apply_study_1` FOREIGN KEY (`study_seq`) REFERENCES `tb_study` (`study_seq`),
  CONSTRAINT `FK_tb_user_TO_tb_apply_study_1` FOREIGN KEY (`user_seq`) REFERENCES `tb_user` (`user_seq`)
) ENGINE=InnoDB DEFAULT CHARSET=utf8mb3 COLLATE=utf8_bin;
/*!40101 SET character_set_client = @saved_cs_client */;

--
-- Dumping data for table `tb_apply_study`
--

LOCK TABLES `tb_apply_study` WRITE;
/*!40000 ALTER TABLE `tb_apply_study` DISABLE KEYS */;
INSERT INTO `tb_apply_study` VALUES (93,60,NULL),(104,62,NULL),(105,62,NULL),(131,64,NULL),(131,63,NULL),(97,65,NULL),(129,58,NULL),(132,58,NULL),(136,64,NULL),(133,66,NULL),(136,59,NULL),(126,65,NULL),(126,59,NULL),(96,1,NULL),(139,64,NULL);
/*!40000 ALTER TABLE `tb_apply_study` ENABLE KEYS */;
UNLOCK TABLES;

--
-- Table structure for table `tb_auth_email`
--

DROP TABLE IF EXISTS `tb_auth_email`;
/*!40101 SET @saved_cs_client     = @@character_set_client */;
/*!50503 SET character_set_client = utf8mb4 */;
CREATE TABLE `tb_auth_email` (
  `auth_seq` int NOT NULL AUTO_INCREMENT,
  `auth_email` varchar(320) CHARACTER SET utf8 COLLATE utf8_bin NOT NULL,
  `auth_code` varchar(10) CHARACTER SET utf8 COLLATE utf8_bin NOT NULL,
  `auth_date` datetime NOT NULL DEFAULT CURRENT_TIMESTAMP,
  PRIMARY KEY (`auth_seq`)
) ENGINE=InnoDB AUTO_INCREMENT=43 DEFAULT CHARSET=utf8mb3 COLLATE=utf8_bin;
/*!40101 SET character_set_client = @saved_cs_client */;

--
-- Dumping data for table `tb_auth_email`
--

LOCK TABLES `tb_auth_email` WRITE;
/*!40000 ALTER TABLE `tb_auth_email` DISABLE KEYS */;
/*!40000 ALTER TABLE `tb_auth_email` ENABLE KEYS */;
UNLOCK TABLES;

--
-- Table structure for table `tb_blacklist_meeting`
--

DROP TABLE IF EXISTS `tb_blacklist_meeting`;
/*!40101 SET @saved_cs_client     = @@character_set_client */;
/*!50503 SET character_set_client = utf8mb4 */;
CREATE TABLE `tb_blacklist_meeting` (
  `user_seq` int NOT NULL,
  `meeting_seq` int NOT NULL,
  KEY `FK_tb_user_TO_tb_blacklist_meeting_1` (`user_seq`),
  KEY `FK_tb_meeting_TO_tb_blacklist_meeting_1` (`meeting_seq`),
  CONSTRAINT `FK_tb_meeting_TO_tb_blacklist_meeting_1` FOREIGN KEY (`meeting_seq`) REFERENCES `tb_meeting` (`meeting_seq`),
  CONSTRAINT `FK_tb_user_TO_tb_blacklist_meeting_1` FOREIGN KEY (`user_seq`) REFERENCES `tb_user` (`user_seq`)
) ENGINE=InnoDB DEFAULT CHARSET=utf8mb3 COLLATE=utf8_bin;
/*!40101 SET character_set_client = @saved_cs_client */;

--
-- Dumping data for table `tb_blacklist_meeting`
--

LOCK TABLES `tb_blacklist_meeting` WRITE;
/*!40000 ALTER TABLE `tb_blacklist_meeting` DISABLE KEYS */;
INSERT INTO `tb_blacklist_meeting` VALUES (63,24),(64,21);
/*!40000 ALTER TABLE `tb_blacklist_meeting` ENABLE KEYS */;
UNLOCK TABLES;

--
-- Table structure for table `tb_bookmark`
--

DROP TABLE IF EXISTS `tb_bookmark`;
/*!40101 SET @saved_cs_client     = @@character_set_client */;
/*!50503 SET character_set_client = utf8mb4 */;
CREATE TABLE `tb_bookmark` (
  `bookmark_seq` int unsigned NOT NULL AUTO_INCREMENT,
  `user_seq` int NOT NULL,
  `meeting_seq` int NOT NULL,
  PRIMARY KEY (`bookmark_seq`),
  UNIQUE KEY `bookmark_seq_UNIQUE` (`bookmark_seq`),
  KEY `FK_tb_user_TO_tb_bookmark_1` (`user_seq`),
  KEY `FK_tb_meeting_TO_tb_bookmark_1` (`meeting_seq`),
  CONSTRAINT `FK_tb_meeting_TO_tb_bookmark_1` FOREIGN KEY (`meeting_seq`) REFERENCES `tb_meeting` (`meeting_seq`),
  CONSTRAINT `FK_tb_user_TO_tb_bookmark_1` FOREIGN KEY (`user_seq`) REFERENCES `tb_user` (`user_seq`)
) ENGINE=InnoDB AUTO_INCREMENT=70 DEFAULT CHARSET=utf8mb3 COLLATE=utf8_bin;
/*!40101 SET character_set_client = @saved_cs_client */;

--
-- Dumping data for table `tb_bookmark`
--

LOCK TABLES `tb_bookmark` WRITE;
/*!40000 ALTER TABLE `tb_bookmark` DISABLE KEYS */;
INSERT INTO `tb_bookmark` VALUES (50,59,18),(51,61,18),(52,63,21),(53,63,18),(54,62,18),(55,64,20),(56,62,23),(58,63,23),(59,1,23),(60,61,18),(61,61,18),(66,58,21),(69,1,18);
/*!40000 ALTER TABLE `tb_bookmark` ENABLE KEYS */;
UNLOCK TABLES;

--
-- Table structure for table `tb_category`
--

DROP TABLE IF EXISTS `tb_category`;
/*!40101 SET @saved_cs_client     = @@character_set_client */;
/*!50503 SET character_set_client = utf8mb4 */;
CREATE TABLE `tb_category` (
  `category_seq` int NOT NULL AUTO_INCREMENT,
  `category_name` varchar(20) CHARACTER SET utf8 COLLATE utf8_bin NOT NULL,
  PRIMARY KEY (`category_seq`)
) ENGINE=InnoDB AUTO_INCREMENT=105 DEFAULT CHARSET=utf8mb3 COLLATE=utf8_bin;
/*!40101 SET character_set_client = @saved_cs_client */;

--
-- Dumping data for table `tb_category`
--

LOCK TABLES `tb_category` WRITE;
/*!40000 ALTER TABLE `tb_category` DISABLE KEYS */;
INSERT INTO `tb_category` VALUES (1,'요리'),(2,'수능'),(3,'취업'),(4,'공기업'),(5,'자격증'),(6,'공무원'),(7,'컴퓨터'),(8,'음악'),(9,'임용'),(101,'경고'),(102,'스터디 알림'),(103,'자유열람실 알림'),(104,'업적 알림');
/*!40000 ALTER TABLE `tb_category` ENABLE KEYS */;
UNLOCK TABLES;

--
-- Table structure for table `tb_day_study`
--

DROP TABLE IF EXISTS `tb_day_study`;
/*!40101 SET @saved_cs_client     = @@character_set_client */;
/*!50503 SET character_set_client = utf8mb4 */;
CREATE TABLE `tb_day_study` (
  `day_seq` int NOT NULL AUTO_INCREMENT,
  `study_seq` int NOT NULL,
  `day_number` tinyint NOT NULL COMMENT '0~6 (요일)',
  `time_start` time NOT NULL,
  `time_end` time NOT NULL,
  PRIMARY KEY (`day_seq`),
  KEY `FK_tb_study_TO_tb_day_study_1` (`study_seq`),
  CONSTRAINT `FK_tb_study_TO_tb_day_study_1` FOREIGN KEY (`study_seq`) REFERENCES `tb_study` (`study_seq`)
) ENGINE=InnoDB AUTO_INCREMENT=159 DEFAULT CHARSET=utf8mb3 COLLATE=utf8_bin;
/*!40101 SET character_set_client = @saved_cs_client */;

--
-- Dumping data for table `tb_day_study`
--

LOCK TABLES `tb_day_study` WRITE;
/*!40000 ALTER TABLE `tb_day_study` DISABLE KEYS */;
INSERT INTO `tb_day_study` VALUES (84,93,2,'19:00:00','20:00:00'),(85,93,5,'20:30:00','21:00:00'),(86,94,2,'12:00:00','14:00:00'),(87,94,6,'14:00:00','16:00:00'),(88,95,2,'11:00:00','13:00:00'),(89,95,3,'11:30:00','13:30:00'),(90,96,1,'10:30:00','12:00:00'),(91,96,2,'10:30:00','12:00:00'),(92,96,4,'11:00:00','12:00:00'),(93,97,5,'17:00:00','18:30:00'),(94,97,6,'17:00:00','19:00:00'),(95,98,5,'09:00:00','14:00:00'),(96,99,3,'18:00:00','20:00:00'),(97,99,4,'17:00:00','19:00:00'),(98,100,7,'16:00:00','20:00:00'),(99,100,6,'10:00:00','23:00:00'),(100,101,5,'13:00:00','16:00:00'),(101,102,4,'00:00:00','02:00:00'),(102,103,5,'13:00:00','15:00:00'),(103,103,6,'10:00:00','12:00:00'),(104,103,7,'10:00:00','12:00:00'),(105,104,2,'15:00:00','17:00:00'),(106,105,4,'12:00:00','16:00:00'),(107,106,5,'12:00:00','19:00:00'),(108,107,1,'09:00:00','22:00:00'),(109,107,2,'09:00:00','22:00:00'),(110,107,3,'09:00:00','22:00:00'),(111,107,4,'09:00:00','22:00:00'),(112,107,5,'09:00:00','22:00:00'),(113,108,3,'18:00:00','19:00:00'),(114,109,6,'19:00:00','22:00:00'),(115,109,7,'19:00:00','21:00:00'),(116,110,2,'12:00:00','17:00:00'),(117,111,6,'03:00:00','16:00:00'),(118,112,3,'12:00:00','17:00:00'),(119,113,1,'12:00:00','14:00:00'),(120,113,3,'12:00:00','14:00:00'),(121,113,5,'08:00:00','09:00:00'),(122,114,6,'14:00:00','17:00:00'),(123,115,7,'07:00:00','10:00:00'),(124,116,6,'10:00:00','12:00:00'),(125,117,2,'20:00:00','22:00:00'),(126,117,4,'20:00:00','22:00:00'),(127,117,6,'20:00:00','22:00:00'),(128,118,7,'07:00:00','10:00:00'),(129,119,5,'13:00:00','14:00:00'),(130,120,2,'20:00:00','22:00:00'),(131,120,5,'20:00:00','22:00:00'),(132,121,6,'06:00:00','08:00:00'),(133,122,6,'09:00:00','16:00:00'),(134,122,7,'09:00:00','15:00:00'),(135,123,6,'15:00:00','17:00:00'),(136,124,7,'06:00:00','08:00:00'),(137,125,6,'12:00:00','14:00:00'),(138,125,7,'11:00:00','12:00:00'),(139,126,2,'12:00:00','16:00:00'),(140,126,5,'13:30:00','16:00:00'),(141,127,2,'14:00:00','17:00:00'),(142,127,4,'14:00:00','17:00:00'),(143,128,4,'12:00:00','17:00:00'),(144,129,2,'12:00:00','18:00:00'),(145,129,6,'12:00:00','18:00:00'),(146,130,5,'10:00:00','12:00:00'),(147,131,4,'10:00:00','12:00:00'),(148,131,7,'18:00:00','19:00:00'),(149,131,1,'11:00:00','12:00:00'),(150,132,2,'11:00:00','13:00:00'),(151,133,5,'10:50:00','12:00:00'),(152,134,5,'11:40:00','13:00:00'),(153,135,4,'12:00:00','17:00:00'),(154,136,2,'12:00:00','16:00:00'),(155,137,3,'10:00:00','12:00:00'),(156,137,1,'08:00:00','10:00:00'),(157,138,5,'13:30:00','16:00:00'),(158,139,3,'12:00:00','14:00:00');
/*!40000 ALTER TABLE `tb_day_study` ENABLE KEYS */;
UNLOCK TABLES;

--
-- Table structure for table `tb_diary`
--

DROP TABLE IF EXISTS `tb_diary`;
/*!40101 SET @saved_cs_client     = @@character_set_client */;
/*!50503 SET character_set_client = utf8mb4 */;
CREATE TABLE `tb_diary` (
  `diary_seq` int NOT NULL AUTO_INCREMENT,
  `user_seq` int NOT NULL,
  `diary_date` date NOT NULL,
  `diary_content` text CHARACTER SET utf8 COLLATE utf8_bin NOT NULL,
  `diary_img` varchar(1000) CHARACTER SET utf8 COLLATE utf8_bin DEFAULT NULL,
  PRIMARY KEY (`diary_seq`),
  KEY `FK_tb_user_TO_tb_diary_1` (`user_seq`),
  CONSTRAINT `FK_tb_user_TO_tb_diary_1` FOREIGN KEY (`user_seq`) REFERENCES `tb_user` (`user_seq`)
) ENGINE=InnoDB AUTO_INCREMENT=86 DEFAULT CHARSET=utf8mb3 COLLATE=utf8_bin;
/*!40101 SET character_set_client = @saved_cs_client */;

--
-- Dumping data for table `tb_diary`
--

LOCK TABLES `tb_diary` WRITE;
/*!40000 ALTER TABLE `tb_diary` DISABLE KEYS */;
INSERT INTO `tb_diary` VALUES (80,63,'2022-02-18','오늘 너무 잘 자버렸다.. 이런이런','77f63bb6-c183-4460-9836-75f8f6b7e5e0_IMG_2379.jpg'),(81,62,'2022-02-18','잠도 안 자고 열심히 프로젝트를 준비했다! 오늘에서야 푹 잘 수 있겠군 ㅜㅡㅜ...',NULL),(82,1,'2022-02-17','힘든 나날들 ㅜㅜ 고진감래..!',NULL),(83,1,'2022-02-16','곧 딸기와플처럼 달콤한 시간이 내게도 오겠지..! 내일도 화이팅! ><','a5832587-84fa-447a-bd8a-48499b6cabef_strawberrywaffle.jpg'),(84,58,'2022-02-18',' hello',NULL),(85,64,'2022-02-18','오늘은 기분이 좋아요','481e8250-af35-4ab4-956a-3d1528a811d8_elen.jfif');
/*!40000 ALTER TABLE `tb_diary` ENABLE KEYS */;
UNLOCK TABLES;

--
-- Table structure for table `tb_history_study`
--

DROP TABLE IF EXISTS `tb_history_study`;
/*!40101 SET @saved_cs_client     = @@character_set_client */;
/*!50503 SET character_set_client = utf8mb4 */;
CREATE TABLE `tb_history_study` (
  `history_seq` int NOT NULL AUTO_INCREMENT,
  `user_seq` int NOT NULL,
  `study_seq` int NOT NULL,
  `history_date` datetime NOT NULL DEFAULT CURRENT_TIMESTAMP,
  `history_late` tinyint(1) NOT NULL DEFAULT '0',
  `history_eject` tinyint(1) NOT NULL DEFAULT '0',
  `eject_reason` varchar(50) CHARACTER SET utf8 COLLATE utf8_bin DEFAULT NULL,
  PRIMARY KEY (`history_seq`),
  KEY `FK_tb_user_TO_tb_history_study_1` (`user_seq`),
  KEY `FK_tb_study_TO_tb_history_study_1` (`study_seq`),
  CONSTRAINT `FK_tb_study_TO_tb_history_study_1` FOREIGN KEY (`study_seq`) REFERENCES `tb_study` (`study_seq`),
  CONSTRAINT `FK_tb_user_TO_tb_history_study_1` FOREIGN KEY (`user_seq`) REFERENCES `tb_user` (`user_seq`)
) ENGINE=InnoDB AUTO_INCREMENT=87 DEFAULT CHARSET=utf8mb3 COLLATE=utf8_bin;
/*!40101 SET character_set_client = @saved_cs_client */;

--
-- Dumping data for table `tb_history_study`
--

LOCK TABLES `tb_history_study` WRITE;
/*!40000 ALTER TABLE `tb_history_study` DISABLE KEYS */;
INSERT INTO `tb_history_study` VALUES (1,1,113,'2022-02-14 00:00:00',1,0,''),(2,1,127,'2022-02-15 00:00:00',0,0,''),(3,1,113,'2022-02-16 00:00:00',0,1,''),(4,1,127,'2022-02-17 00:00:00',0,0,''),(5,1,113,'2022-02-07 00:00:00',0,0,''),(6,1,127,'2022-02-08 00:00:00',1,0,''),(7,1,113,'2022-02-09 00:00:00',0,1,''),(8,1,127,'2022-02-10 00:00:00',0,0,''),(9,1,127,'2022-02-11 00:00:00',0,0,''),(10,1,113,'2022-02-11 00:00:00',0,0,''),(71,58,93,'2022-02-18 00:00:00',0,0,NULL),(72,64,97,'2022-02-18 00:00:00',0,0,NULL),(73,59,93,'2022-02-18 00:00:00',0,0,NULL),(75,1,134,'2022-02-18 00:00:00',1,0,NULL),(76,59,97,'2022-02-18 00:00:00',0,0,NULL),(77,58,97,'2022-02-18 00:00:00',0,0,NULL),(79,66,138,'2022-02-18 00:00:00',0,0,NULL),(80,65,138,'2022-02-18 00:00:00',0,0,NULL),(81,63,101,'2022-02-18 00:00:00',0,0,NULL),(82,59,138,'2022-02-18 00:00:00',0,1,NULL),(83,58,138,'2022-02-18 00:00:00',0,0,NULL),(84,63,138,'2022-02-18 00:00:00',1,0,NULL),(85,1,138,'2022-02-18 00:00:00',1,0,NULL),(86,1,97,'2022-02-18 00:00:00',0,0,NULL);
/*!40000 ALTER TABLE `tb_history_study` ENABLE KEYS */;
UNLOCK TABLES;

--
-- Table structure for table `tb_landing`
--

DROP TABLE IF EXISTS `tb_landing`;
/*!40101 SET @saved_cs_client     = @@character_set_client */;
/*!50503 SET character_set_client = utf8mb4 */;
CREATE TABLE `tb_landing` (
  `landing_seq` tinyint NOT NULL AUTO_INCREMENT,
  `total_user` int DEFAULT NULL,
  `total_time` bigint DEFAULT NULL,
  PRIMARY KEY (`landing_seq`)
) ENGINE=InnoDB AUTO_INCREMENT=9 DEFAULT CHARSET=utf8mb3 COLLATE=utf8_bin;
/*!40101 SET character_set_client = @saved_cs_client */;

--
-- Dumping data for table `tb_landing`
--

LOCK TABLES `tb_landing` WRITE;
/*!40000 ALTER TABLE `tb_landing` DISABLE KEYS */;
/*!40000 ALTER TABLE `tb_landing` ENABLE KEYS */;
UNLOCK TABLES;

--
-- Table structure for table `tb_level`
--

DROP TABLE IF EXISTS `tb_level`;
/*!40101 SET @saved_cs_client     = @@character_set_client */;
/*!50503 SET character_set_client = utf8mb4 */;
CREATE TABLE `tb_level` (
  `level_seq` smallint NOT NULL AUTO_INCREMENT,
  `level_name` varchar(20) CHARACTER SET utf8 COLLATE utf8_bin NOT NULL,
  `level_condition` int NOT NULL,
  `level_img` varchar(1000) CHARACTER SET utf8 COLLATE utf8_bin NOT NULL,
  `level_to_next` int DEFAULT NULL,
  PRIMARY KEY (`level_seq`)
) ENGINE=InnoDB AUTO_INCREMENT=8 DEFAULT CHARSET=utf8mb3 COLLATE=utf8_bin;
/*!40101 SET character_set_client = @saved_cs_client */;

--
-- Dumping data for table `tb_level`
--

LOCK TABLES `tb_level` WRITE;
/*!40000 ALTER TABLE `tb_level` DISABLE KEYS */;
INSERT INTO `tb_level` VALUES (1,'두꺼비집',0,'level_1.png',300),(2,'모래성',300,'level_2.png',1800),(3,'과자집',1800,'level_3.png',7800),(4,'이글루',7800,'level_4.png',37800),(5,'동물농장',37800,'level_5.png',97800),(6,'유령의 집',97800,'level_6.png',277800),(7,'다이아몬드 성',277800,'level_7.png',500000);
/*!40000 ALTER TABLE `tb_level` ENABLE KEYS */;
UNLOCK TABLES;

--
-- Table structure for table `tb_log_time`
--

DROP TABLE IF EXISTS `tb_log_time`;
/*!40101 SET @saved_cs_client     = @@character_set_client */;
/*!50503 SET character_set_client = utf8mb4 */;
CREATE TABLE `tb_log_time` (
  `log_seq` int NOT NULL AUTO_INCREMENT,
  `user_seq` int NOT NULL,
  `log_meeting` smallint NOT NULL DEFAULT '0',
  `log_study` smallint NOT NULL DEFAULT '0',
  `log_date` datetime NOT NULL DEFAULT CURRENT_TIMESTAMP,
  `log_start_time` time DEFAULT NULL,
  `log_end_time` time DEFAULT NULL,
  PRIMARY KEY (`log_seq`),
  KEY `FK_tb_user_TO_tb_log_time_1` (`user_seq`),
  CONSTRAINT `FK_tb_user_TO_tb_log_time_1` FOREIGN KEY (`user_seq`) REFERENCES `tb_user` (`user_seq`)
) ENGINE=InnoDB AUTO_INCREMENT=335 DEFAULT CHARSET=utf8mb3 COLLATE=utf8_bin;
/*!40101 SET character_set_client = @saved_cs_client */;

--
-- Dumping data for table `tb_log_time`
--

LOCK TABLES `tb_log_time` WRITE;
/*!40000 ALTER TABLE `tb_log_time` DISABLE KEYS */;
INSERT INTO `tb_log_time` VALUES (1,1,79,211,'2021-02-21 00:00:00','10:00:00','23:00:00'),(2,1,82,187,'2021-02-22 00:00:00','10:00:00','23:00:00'),(3,1,235,145,'2021-02-23 00:00:00','10:00:00','23:00:00'),(4,1,306,214,'2021-02-24 00:00:00','10:00:00','23:00:00'),(5,1,89,140,'2021-02-25 00:00:00','10:00:00','23:00:00'),(6,1,262,143,'2021-02-26 00:00:00','10:00:00','23:00:00'),(7,1,401,242,'2021-02-28 00:00:00','10:00:00','23:00:00'),(8,1,372,99,'2021-03-01 00:00:00','10:00:00','23:00:00'),(9,1,389,99,'2021-03-02 00:00:00','10:00:00','23:00:00'),(10,1,326,188,'2021-03-03 00:00:00','10:00:00','23:00:00'),(11,1,295,118,'2021-03-04 00:00:00','10:00:00','23:00:00'),(12,1,330,202,'2021-03-05 00:00:00','10:00:00','23:00:00'),(13,1,462,26,'2021-03-06 00:00:00','10:00:00','23:00:00'),(14,1,437,264,'2021-03-07 00:00:00','10:00:00','23:00:00'),(15,1,48,194,'2021-03-08 00:00:00','10:00:00','23:00:00'),(16,1,217,189,'2021-03-09 00:00:00','10:00:00','23:00:00'),(17,1,466,201,'2021-03-11 00:00:00','10:00:00','23:00:00'),(18,1,307,143,'2021-03-12 00:00:00','10:00:00','23:00:00'),(19,1,467,29,'2021-03-13 00:00:00','10:00:00','23:00:00'),(20,1,423,168,'2021-03-14 00:00:00','10:00:00','23:00:00'),(21,1,149,277,'2021-03-15 00:00:00','10:00:00','23:00:00'),(22,1,392,7,'2021-03-16 00:00:00','10:00:00','23:00:00'),(23,1,48,112,'2021-03-17 00:00:00','10:00:00','23:00:00'),(24,1,492,109,'2021-03-18 00:00:00','10:00:00','23:00:00'),(25,1,177,96,'2021-03-19 00:00:00','10:00:00','23:00:00'),(26,1,222,226,'2021-03-20 00:00:00','10:00:00','23:00:00'),(27,1,187,264,'2021-03-21 00:00:00','10:00:00','23:00:00'),(28,1,238,297,'2021-03-22 00:00:00','10:00:00','23:00:00'),(29,1,261,109,'2021-03-23 00:00:00','10:00:00','23:00:00'),(30,1,182,179,'2021-03-24 00:00:00','10:00:00','23:00:00'),(31,1,280,280,'2021-03-25 00:00:00','10:00:00','23:00:00'),(32,1,207,207,'2021-03-26 00:00:00','10:00:00','23:00:00'),(33,1,292,292,'2021-03-27 00:00:00','10:00:00','23:00:00'),(34,1,359,359,'2021-03-28 00:00:00','10:00:00','23:00:00'),(35,1,168,168,'2021-03-29 00:00:00','10:00:00','23:00:00'),(36,1,250,250,'2021-03-30 00:00:00','10:00:00','23:00:00'),(37,1,448,448,'2021-03-31 00:00:00','10:00:00','23:00:00'),(38,1,423,423,'2021-04-01 00:00:00','10:00:00','23:00:00'),(39,1,428,428,'2021-04-02 00:00:00','10:00:00','23:00:00'),(40,1,134,134,'2021-04-03 00:00:00','10:00:00','23:00:00'),(41,1,417,417,'2021-04-04 00:00:00','10:00:00','23:00:00'),(42,1,362,362,'2021-04-05 00:00:00','10:00:00','23:00:00'),(43,1,455,455,'2021-04-07 00:00:00','10:00:00','23:00:00'),(44,1,443,443,'2021-04-08 00:00:00','10:00:00','23:00:00'),(45,1,114,114,'2021-04-09 00:00:00','10:00:00','23:00:00'),(46,1,460,460,'2021-04-10 00:00:00','10:00:00','23:00:00'),(47,1,229,229,'2021-04-11 00:00:00','10:00:00','23:00:00'),(48,1,387,387,'2021-04-12 00:00:00','10:00:00','23:00:00'),(49,1,324,324,'2021-04-13 00:00:00','10:00:00','23:00:00'),(50,1,209,209,'2021-04-14 00:00:00','10:00:00','23:00:00'),(51,1,353,353,'2021-04-15 00:00:00','10:00:00','23:00:00'),(52,1,266,266,'2021-04-16 00:00:00','10:00:00','23:00:00'),(53,1,199,199,'2021-04-17 00:00:00','10:00:00','23:00:00'),(54,1,400,400,'2021-04-18 00:00:00','10:00:00','23:00:00'),(55,1,153,153,'2021-04-19 00:00:00','10:00:00','23:00:00'),(56,1,179,179,'2021-04-20 00:00:00','10:00:00','23:00:00'),(57,1,80,80,'2021-04-21 00:00:00','10:00:00','23:00:00'),(58,1,311,311,'2021-04-22 00:00:00','10:00:00','23:00:00'),(59,1,448,448,'2021-04-23 00:00:00','10:00:00','23:00:00'),(60,1,45,45,'2021-04-24 00:00:00','10:00:00','23:00:00'),(61,1,364,274,'2021-04-25 00:00:00','10:00:00','23:00:00'),(62,1,472,139,'2021-04-26 00:00:00','10:00:00','23:00:00'),(63,1,292,2,'2021-04-27 00:00:00','10:00:00','23:00:00'),(64,1,384,67,'2021-04-28 00:00:00','10:00:00','23:00:00'),(65,1,389,88,'2021-04-29 00:00:00','10:00:00','23:00:00'),(66,1,454,248,'2021-04-30 00:00:00','10:00:00','23:00:00'),(67,1,212,3,'2021-05-01 00:00:00','10:00:00','23:00:00'),(68,1,69,270,'2021-05-02 00:00:00','10:00:00','23:00:00'),(69,1,313,273,'2021-05-03 00:00:00','10:00:00','23:00:00'),(70,1,320,61,'2021-05-04 00:00:00','10:00:00','23:00:00'),(71,1,18,158,'2021-05-05 00:00:00','10:00:00','23:00:00'),(72,1,188,222,'2021-05-06 00:00:00','10:00:00','23:00:00'),(73,1,444,298,'2021-05-09 00:00:00','10:00:00','23:00:00'),(74,1,106,271,'2021-05-10 00:00:00','10:00:00','23:00:00'),(75,1,46,127,'2021-05-11 00:00:00','10:00:00','23:00:00'),(76,1,277,227,'2021-05-12 00:00:00','10:00:00','23:00:00'),(77,1,477,89,'2021-05-13 00:00:00','10:00:00','23:00:00'),(78,1,125,212,'2021-05-14 00:00:00','10:00:00','23:00:00'),(79,1,397,230,'2021-05-15 00:00:00','10:00:00','23:00:00'),(80,1,448,259,'2021-05-16 00:00:00','10:00:00','23:00:00'),(81,1,390,147,'2021-05-17 00:00:00','10:00:00','23:00:00'),(82,1,478,182,'2021-05-18 00:00:00','10:00:00','23:00:00'),(83,1,234,34,'2021-05-19 00:00:00','10:00:00','23:00:00'),(84,1,28,116,'2021-05-20 00:00:00','10:00:00','23:00:00'),(85,1,401,110,'2021-05-21 00:00:00','10:00:00','23:00:00'),(86,1,317,148,'2021-05-22 00:00:00','10:00:00','23:00:00'),(87,1,187,12,'2021-05-23 00:00:00','10:00:00','23:00:00'),(88,1,101,46,'2021-05-24 00:00:00','10:00:00','23:00:00'),(89,1,11,174,'2021-05-28 00:00:00','10:00:00','23:00:00'),(90,1,296,65,'2021-05-29 00:00:00','10:00:00','23:00:00'),(91,1,131,22,'2021-05-30 00:00:00','10:00:00','23:00:00'),(92,1,293,195,'2021-05-31 00:00:00','10:00:00','23:00:00'),(93,1,309,94,'2021-06-01 00:00:00','10:00:00','23:00:00'),(94,1,392,227,'2021-06-02 00:00:00','10:00:00','23:00:00'),(95,1,84,184,'2021-06-03 00:00:00','10:00:00','23:00:00'),(96,1,216,67,'2021-06-04 00:00:00','10:00:00','23:00:00'),(97,1,184,177,'2021-06-05 00:00:00','10:00:00','23:00:00'),(98,1,403,14,'2021-06-06 00:00:00','10:00:00','23:00:00'),(99,1,249,254,'2021-06-07 00:00:00','10:00:00','23:00:00'),(100,1,261,133,'2021-06-08 00:00:00','10:00:00','23:00:00'),(101,1,460,167,'2021-06-09 00:00:00','10:00:00','23:00:00'),(102,1,478,222,'2021-06-10 00:00:00','10:00:00','23:00:00'),(103,1,12,222,'2021-06-11 00:00:00','10:00:00','23:00:00'),(104,1,209,251,'2021-06-12 00:00:00','10:00:00','23:00:00'),(105,1,161,121,'2021-06-13 00:00:00','10:00:00','23:00:00'),(106,1,97,135,'2021-06-14 00:00:00','10:00:00','23:00:00'),(107,1,127,208,'2021-06-15 00:00:00','10:00:00','23:00:00'),(108,1,117,300,'2021-06-16 00:00:00','10:00:00','23:00:00'),(109,1,390,31,'2021-06-17 00:00:00','10:00:00','23:00:00'),(110,1,366,250,'2021-06-18 00:00:00','10:00:00','23:00:00'),(111,1,198,30,'2021-06-19 00:00:00','10:00:00','23:00:00'),(112,1,324,130,'2021-06-20 00:00:00','10:00:00','23:00:00'),(113,1,418,250,'2021-06-21 00:00:00','10:00:00','23:00:00'),(114,1,115,161,'2021-06-22 00:00:00','10:00:00','23:00:00'),(115,1,121,25,'2021-06-23 00:00:00','10:00:00','23:00:00'),(116,1,213,249,'2021-06-24 00:00:00','10:00:00','23:00:00'),(117,1,340,29,'2021-06-25 00:00:00','10:00:00','23:00:00'),(118,1,416,162,'2021-06-26 00:00:00','10:00:00','23:00:00'),(119,1,137,106,'2021-06-27 00:00:00','10:00:00','23:00:00'),(120,1,81,109,'2021-06-28 00:00:00','10:00:00','23:00:00'),(121,1,226,156,'2021-06-29 00:00:00','10:00:00','23:00:00'),(122,1,8,138,'2021-06-30 00:00:00','10:00:00','23:00:00'),(123,1,413,279,'2021-07-01 00:00:00','10:00:00','23:00:00'),(124,1,417,45,'2021-07-02 00:00:00','10:00:00','23:00:00'),(125,1,207,83,'2021-07-03 00:00:00','10:00:00','23:00:00'),(126,1,406,56,'2021-07-04 00:00:00','10:00:00','23:00:00'),(127,1,71,11,'2021-07-05 00:00:00','10:00:00','23:00:00'),(128,1,111,232,'2021-07-06 00:00:00','10:00:00','23:00:00'),(129,1,365,97,'2021-07-07 00:00:00','10:00:00','23:00:00'),(130,1,224,260,'2021-07-08 00:00:00','10:00:00','23:00:00'),(131,1,135,98,'2021-07-09 00:00:00','10:00:00','23:00:00'),(132,1,468,231,'2021-07-10 00:00:00','10:00:00','23:00:00'),(133,1,489,33,'2021-07-11 00:00:00','10:00:00','23:00:00'),(134,1,299,58,'2021-07-12 00:00:00','10:00:00','23:00:00'),(135,1,116,231,'2021-07-13 00:00:00','10:00:00','23:00:00'),(136,1,65,17,'2021-07-14 00:00:00','10:00:00','23:00:00'),(137,1,176,81,'2021-07-15 00:00:00','10:00:00','23:00:00'),(138,1,369,143,'2021-07-16 00:00:00','10:00:00','23:00:00'),(139,1,305,156,'2021-07-17 00:00:00','10:00:00','23:00:00'),(140,1,460,1,'2021-07-18 00:00:00','10:00:00','23:00:00'),(141,1,169,293,'2021-07-19 00:00:00','10:00:00','23:00:00'),(142,1,67,186,'2021-07-20 00:00:00','10:00:00','23:00:00'),(143,1,428,28,'2021-07-21 00:00:00','10:00:00','23:00:00'),(144,1,164,44,'2021-07-22 00:00:00','10:00:00','23:00:00'),(145,1,60,299,'2021-07-23 00:00:00','10:00:00','23:00:00'),(146,1,297,245,'2021-07-24 00:00:00','10:00:00','23:00:00'),(147,1,273,177,'2021-07-25 00:00:00','10:00:00','23:00:00'),(148,1,358,197,'2021-07-26 00:00:00','10:00:00','23:00:00'),(149,1,462,110,'2021-07-27 00:00:00','10:00:00','23:00:00'),(150,1,493,173,'2021-07-28 00:00:00','10:00:00','23:00:00'),(151,1,253,294,'2021-07-29 00:00:00','09:54:11','23:11:08'),(152,1,304,93,'2021-07-30 00:00:00','09:54:11','23:11:08'),(153,1,241,171,'2021-07-31 00:00:00','09:54:11','23:11:08'),(154,1,219,277,'2021-08-01 00:00:00','09:54:11','23:11:08'),(155,1,399,259,'2021-08-02 00:00:00','09:54:11','23:11:08'),(156,1,41,149,'2021-08-03 00:00:00','09:54:11','23:11:08'),(157,1,482,4,'2021-08-04 00:00:00','09:54:11','23:11:08'),(158,1,433,262,'2021-08-05 00:00:00','09:54:11','23:11:08'),(159,1,264,281,'2021-08-06 00:00:00','09:54:11','23:11:08'),(160,1,495,28,'2021-08-07 00:00:00','09:54:11','23:11:08'),(161,1,138,94,'2021-08-08 00:00:00','09:54:11','23:11:08'),(162,1,309,69,'2021-08-09 00:00:00','09:54:11','23:11:08'),(163,1,227,79,'2021-08-10 00:00:00','09:54:11','23:11:08'),(164,1,461,113,'2021-08-11 00:00:00','09:54:11','23:11:08'),(165,1,174,57,'2021-08-12 00:00:00','09:54:11','23:11:08'),(166,1,484,64,'2021-08-13 00:00:00','09:54:11','23:11:08'),(167,1,369,138,'2021-08-14 00:00:00','09:54:11','23:11:08'),(168,1,55,55,'2021-08-15 00:00:00','09:54:11','23:11:08'),(169,1,448,164,'2021-08-16 00:00:00','09:54:11','23:11:08'),(170,1,413,20,'2021-08-17 00:00:00','09:54:11','23:11:08'),(171,1,306,294,'2021-08-18 00:00:00','09:54:11','23:11:08'),(172,1,94,190,'2021-08-19 00:00:00','09:54:11','23:11:08'),(173,1,333,247,'2021-08-20 00:00:00','09:54:11','23:11:08'),(174,1,329,165,'2021-08-21 00:00:00','09:54:11','23:11:08'),(175,1,448,246,'2021-08-22 00:00:00','09:54:11','23:11:08'),(176,1,74,112,'2021-08-23 00:00:00','09:54:11','23:11:08'),(177,1,490,10,'2021-08-24 00:00:00','09:54:11','23:11:08'),(178,1,264,171,'2021-08-25 00:00:00','09:54:11','23:11:08'),(179,1,81,209,'2021-08-26 00:00:00','09:54:11','23:11:08'),(180,1,340,11,'2021-08-27 00:00:00','09:54:11','23:11:08'),(181,1,172,93,'2021-08-28 00:00:00','09:54:11','23:11:08'),(182,1,249,271,'2021-08-29 00:00:00','09:54:11','23:11:08'),(183,1,229,99,'2021-08-30 00:00:00','09:54:11','23:11:08'),(184,1,312,286,'2021-08-31 00:00:00','09:54:11','23:11:08'),(185,1,135,53,'2021-09-01 00:00:00','09:54:11','23:11:08'),(186,1,205,119,'2021-09-02 00:00:00','09:54:11','23:11:08'),(187,1,445,223,'2021-09-03 00:00:00','09:54:11','23:11:08'),(188,1,359,11,'2021-09-04 00:00:00','09:54:11','23:11:08'),(189,1,149,111,'2021-09-05 00:00:00','09:54:11','23:11:08'),(190,1,302,275,'2021-09-06 00:00:00','09:54:11','23:11:08'),(191,1,357,112,'2021-09-07 00:00:00','09:54:11','23:11:08'),(192,1,287,147,'2021-09-08 00:00:00','09:54:11','23:11:08'),(193,1,44,295,'2021-09-09 00:00:00','09:54:11','23:11:08'),(194,1,221,97,'2021-09-10 00:00:00','09:54:11','23:11:08'),(195,1,367,276,'2021-09-11 00:00:00','09:54:11','23:11:08'),(196,1,133,101,'2021-09-12 00:00:00','09:54:11','23:11:08'),(197,1,445,274,'2021-09-13 00:00:00','09:54:11','23:11:08'),(198,1,301,152,'2021-09-14 00:00:00','09:54:11','23:11:08'),(199,1,20,268,'2021-09-15 00:00:00','09:54:11','23:11:08'),(200,1,444,255,'2021-09-16 00:00:00','09:54:11','23:11:08'),(201,1,431,180,'2021-09-17 00:00:00','09:54:11','23:11:08'),(202,1,38,70,'2021-09-18 00:00:00','09:54:11','23:11:08'),(203,1,109,263,'2021-09-19 00:00:00','09:54:11','23:11:08'),(204,1,225,73,'2021-09-20 00:00:00','09:54:11','23:11:08'),(205,1,103,208,'2021-09-21 00:00:00','09:54:11','23:11:08'),(206,1,428,248,'2021-09-22 00:00:00','09:54:11','23:11:08'),(207,1,250,58,'2021-09-23 00:00:00','09:54:11','23:11:08'),(208,1,124,229,'2021-09-24 00:00:00','09:54:11','23:11:08'),(209,1,403,181,'2021-09-25 00:00:00','09:54:11','23:11:08'),(210,1,30,276,'2021-09-26 00:00:00','09:54:11','23:11:08'),(211,1,85,80,'2021-09-27 00:00:00','09:54:11','23:11:08'),(212,1,384,111,'2021-09-28 00:00:00','09:54:11','23:11:08'),(213,1,216,167,'2021-09-29 00:00:00','09:54:11','23:11:08'),(214,1,210,41,'2021-09-30 00:00:00','09:54:11','23:11:08'),(215,1,267,185,'2021-10-01 00:00:00','09:54:11','23:11:08'),(216,1,400,149,'2021-10-02 00:00:00','09:54:11','23:11:08'),(217,1,302,67,'2021-10-03 00:00:00','09:54:11','23:11:08'),(218,1,379,66,'2021-10-04 00:00:00','09:54:11','23:11:08'),(219,1,4,255,'2021-10-05 00:00:00','09:54:11','23:11:08'),(220,1,337,23,'2021-10-06 00:00:00','09:54:11','23:11:08'),(221,1,66,77,'2021-10-07 00:00:00','09:54:11','23:11:08'),(222,1,73,221,'2021-10-08 00:00:00','09:54:11','23:11:08'),(223,1,26,97,'2021-10-09 00:00:00','09:54:11','23:11:08'),(224,1,385,155,'2021-10-10 00:00:00','09:54:11','23:11:08'),(225,1,98,6,'2021-10-11 00:00:00','09:54:11','23:11:08'),(226,1,169,71,'2021-10-12 00:00:00','09:54:11','23:11:08'),(227,1,390,162,'2021-10-13 00:00:00','09:54:11','23:11:08'),(228,1,350,4,'2021-10-14 00:00:00','09:54:11','23:11:08'),(229,1,9,90,'2021-10-15 00:00:00','09:54:11','23:11:08'),(230,1,356,83,'2021-10-16 00:00:00','09:54:11','23:11:08'),(231,1,84,76,'2021-10-17 00:00:00','09:54:11','23:11:08'),(232,1,165,244,'2021-10-18 00:00:00','09:54:11','23:11:08'),(233,1,4,224,'2021-10-19 00:00:00','09:54:11','23:11:08'),(234,1,275,272,'2021-10-20 00:00:00','09:54:11','23:11:08'),(235,1,426,203,'2021-10-21 00:00:00','09:54:11','23:11:08'),(236,1,62,268,'2021-10-22 00:00:00','09:54:11','23:11:08'),(237,1,228,238,'2021-10-23 00:00:00','09:54:11','23:11:08'),(238,1,188,76,'2021-10-24 00:00:00','09:54:11','23:11:08'),(239,1,471,81,'2021-10-25 00:00:00','09:54:11','23:11:08'),(240,1,242,256,'2021-10-26 00:00:00','09:54:11','23:11:08'),(241,1,75,262,'2021-10-27 00:00:00','09:54:11','23:11:08'),(242,1,190,141,'2021-10-28 00:00:00','09:54:11','23:11:08'),(243,1,274,174,'2021-10-29 00:00:00','09:54:11','23:11:08'),(244,1,285,185,'2021-10-30 00:00:00','09:54:11','23:11:08'),(245,1,149,98,'2021-10-31 00:00:00','09:54:11','23:11:08'),(246,1,89,188,'2021-11-01 00:00:00','09:54:11','23:11:08'),(247,1,415,114,'2021-11-02 00:00:00','09:54:11','23:11:08'),(248,1,311,193,'2021-11-03 00:00:00','09:54:11','23:11:08'),(249,1,367,197,'2021-11-04 00:00:00','09:54:11','23:11:08'),(250,1,212,260,'2021-11-05 00:00:00','09:54:11','23:11:08'),(251,1,25,266,'2021-11-06 00:00:00','09:54:11','23:11:08'),(252,1,33,122,'2021-11-07 00:00:00','09:54:11','23:11:08'),(253,1,92,44,'2021-11-08 00:00:00','09:54:11','23:11:08'),(254,1,207,100,'2021-11-09 00:00:00','09:54:11','23:11:08'),(255,1,139,58,'2021-11-10 00:00:00','09:54:11','23:11:08'),(256,1,177,20,'2021-11-13 00:00:00','09:54:11','23:11:08'),(257,1,401,188,'2021-11-14 00:00:00','09:54:11','23:11:08'),(258,1,335,266,'2021-11-15 00:00:00','09:54:11','23:11:08'),(259,1,7,264,'2021-11-16 00:00:00','09:54:11','23:11:08'),(260,1,467,179,'2021-11-17 00:00:00','09:54:11','23:11:08'),(261,1,30,242,'2021-11-18 00:00:00','09:54:11','23:11:08'),(262,1,175,166,'2021-11-19 00:00:00','09:54:11','23:11:08'),(263,1,240,261,'2021-11-20 00:00:00','09:54:11','23:11:08'),(264,1,252,300,'2021-11-21 00:00:00','09:54:11','23:11:08'),(265,1,87,23,'2021-11-24 00:00:00','09:54:11','23:11:08'),(266,1,441,230,'2021-11-25 00:00:00','09:54:11','23:11:08'),(267,1,436,31,'2021-11-26 00:00:00','09:54:11','23:11:08'),(268,1,93,96,'2021-11-27 00:00:00','09:54:11','23:11:08'),(269,1,270,196,'2021-11-28 00:00:00','09:54:11','23:11:08'),(270,1,489,168,'2021-11-29 00:00:00','09:54:11','23:11:08'),(271,1,13,159,'2021-11-30 00:00:00','09:54:11','23:11:08'),(272,1,379,22,'2021-12-01 00:00:00','09:54:11','23:11:08'),(273,1,276,187,'2021-12-02 00:00:00','09:54:11','23:11:08'),(274,1,470,30,'2021-12-03 00:00:00','09:54:11','23:11:08'),(275,1,234,64,'2021-12-04 00:00:00','09:54:11','23:11:08'),(276,1,7,28,'2021-12-06 00:00:00','09:54:11','23:11:08'),(277,1,160,259,'2021-12-07 00:00:00','09:54:11','23:11:08'),(278,1,208,56,'2021-12-08 00:00:00','09:54:11','23:11:08'),(279,1,183,204,'2021-12-09 00:00:00','09:54:11','23:11:08'),(280,1,392,161,'2021-12-10 00:00:00','09:54:11','23:11:08'),(281,1,344,89,'2021-12-11 00:00:00','09:54:11','23:11:08'),(282,1,176,68,'2021-12-12 00:00:00','09:54:11','23:11:08'),(283,1,136,187,'2021-12-13 00:00:00','09:54:11','23:11:08'),(284,1,495,152,'2021-12-14 00:00:00','09:54:11','23:11:08'),(285,1,385,47,'2021-12-15 00:00:00','09:54:11','23:11:08'),(286,1,109,60,'2021-12-16 00:00:00','09:54:11','23:11:08'),(287,1,125,89,'2021-12-17 00:00:00','09:54:11','23:11:08'),(288,1,472,277,'2021-12-18 00:00:00','09:54:11','23:11:08'),(289,1,47,6,'2021-12-19 00:00:00','09:54:11','23:11:08'),(290,1,144,180,'2021-12-20 00:00:00','09:54:11','23:11:08'),(291,1,240,33,'2021-12-22 00:00:00','09:54:11','23:11:08'),(292,1,385,295,'2021-12-23 00:00:00','09:54:11','23:11:08'),(293,1,14,176,'2021-12-24 00:00:00','09:54:11','23:11:08'),(294,1,400,141,'2021-12-25 00:00:00','09:54:11','23:11:08'),(295,1,74,61,'2021-12-27 00:00:00','09:54:11','23:11:08'),(296,1,89,30,'2021-12-28 00:00:00','09:54:11','23:11:08'),(297,1,487,215,'2021-12-29 00:00:00','09:54:11','23:11:08'),(298,1,407,289,'2021-12-31 00:00:00','09:54:11','23:11:08'),(299,1,469,133,'2022-01-01 00:00:00','09:54:11','23:11:08'),(300,1,56,37,'2022-01-02 00:00:00','09:54:11','23:11:08'),(301,1,179,184,'2022-01-03 00:00:00','09:54:11','23:11:08'),(302,1,171,167,'2022-01-04 00:00:00','09:54:11','23:11:08'),(303,1,336,57,'2022-01-06 00:00:00','09:54:11','23:11:08'),(304,1,296,38,'2022-01-07 00:00:00','09:54:11','23:11:08'),(305,1,2,133,'2022-01-08 00:00:00','09:54:11','23:11:08'),(306,1,182,229,'2022-01-09 00:00:00','09:54:11','23:11:08'),(307,1,274,69,'2022-01-10 00:00:00','09:54:11','23:11:08'),(308,1,334,240,'2022-01-11 00:00:00','09:54:11','23:11:08'),(309,1,73,152,'2022-01-12 00:00:00','09:54:11','23:11:08'),(310,1,473,264,'2022-01-13 00:00:00','09:54:11','23:11:08'),(311,1,380,50,'2022-01-14 00:00:00','09:54:11','23:11:08'),(312,1,176,112,'2022-01-15 00:00:00','09:54:11','23:11:08'),(313,1,376,22,'2022-01-17 00:00:00','09:54:11','23:11:08'),(314,1,293,103,'2022-01-18 00:00:00','09:54:11','23:11:08'),(315,1,277,269,'2022-01-19 00:00:00','09:54:11','23:11:08'),(316,1,330,209,'2022-01-20 00:00:00','09:54:11','23:11:08'),(317,1,455,40,'2022-01-21 00:00:00','09:54:11','23:11:08'),(318,1,433,214,'2022-01-22 00:00:00','09:54:11','23:11:08'),(319,1,94,69,'2022-01-23 00:00:00','09:54:11','23:11:08'),(320,1,381,250,'2022-01-24 00:00:00','09:54:11','23:11:08'),(321,1,413,291,'2022-01-25 00:00:00','09:54:11','23:11:08'),(322,1,174,105,'2022-01-27 00:00:00','09:54:11','23:11:08'),(323,1,182,2,'2022-01-28 00:00:00','09:54:11','23:11:08'),(324,1,94,201,'2022-01-29 00:00:00','09:54:11','23:11:08'),(325,1,272,173,'2022-01-31 00:00:00','09:54:11','23:11:08'),(326,59,378,12,'2022-02-18 00:00:00','04:56:26','15:00:50'),(327,1,11,6,'2022-02-18 00:00:00','04:56:31','15:57:25'),(328,60,44,0,'2022-02-18 00:00:00','04:56:41','10:52:41'),(329,63,132,44,'2022-02-18 00:00:00','06:27:24','15:06:05'),(330,62,40,0,'2022-02-18 00:00:00','07:01:25','09:25:47'),(331,58,108,28,'2022-02-18 00:00:00','11:08:50','15:13:51'),(332,64,1,4,'2022-02-18 00:00:00','11:20:13','13:25:49'),(333,66,0,0,'2022-02-18 00:00:00','13:09:27','13:09:27'),(334,65,0,114,'2022-02-18 00:00:00','13:09:27','15:03:24');
/*!40000 ALTER TABLE `tb_log_time` ENABLE KEYS */;
UNLOCK TABLES;

--
-- Table structure for table `tb_meeting`
--

DROP TABLE IF EXISTS `tb_meeting`;
/*!40101 SET @saved_cs_client     = @@character_set_client */;
/*!50503 SET character_set_client = utf8mb4 */;
CREATE TABLE `tb_meeting` (
  `meeting_seq` int NOT NULL AUTO_INCREMENT,
  `host_seq` int NOT NULL,
  `category_seq` int NOT NULL,
  `meeting_title` varchar(50) CHARACTER SET utf8 COLLATE utf8_bin NOT NULL,
  `meeting_desc` text CHARACTER SET utf8 COLLATE utf8_bin,
  `meeting_img` varchar(1000) CHARACTER SET utf8 COLLATE utf8_bin DEFAULT NULL,
  `meeting_capacity` tinyint NOT NULL DEFAULT '12' COMMENT '사용자 입력 X',
  `meeting_headcount` tinyint NOT NULL DEFAULT '0',
  `meeting_url` varchar(1000) CHARACTER SET utf8 COLLATE utf8_bin NOT NULL,
  `meeting_cam_type` tinyint NOT NULL DEFAULT '0' COMMENT 'X/얼굴/손/노캠',
  `meeting_mic_type` tinyint NOT NULL DEFAULT '0' COMMENT 'X/음소거/소음',
  `is_meeting_onair` tinyint(1) NOT NULL DEFAULT '0',
  PRIMARY KEY (`meeting_seq`),
  KEY `FK_tb_user_TO_tb_meeting_1` (`host_seq`),
  KEY `FK_tb_category_TO_tb_meeting_1` (`category_seq`),
  CONSTRAINT `FK_tb_category_TO_tb_meeting_1` FOREIGN KEY (`category_seq`) REFERENCES `tb_category` (`category_seq`),
  CONSTRAINT `FK_tb_user_TO_tb_meeting_1` FOREIGN KEY (`host_seq`) REFERENCES `tb_user` (`user_seq`)
) ENGINE=InnoDB AUTO_INCREMENT=26 DEFAULT CHARSET=utf8mb3 COLLATE=utf8_bin;
/*!40101 SET character_set_client = @saved_cs_client */;

--
-- Dumping data for table `tb_meeting`
--

LOCK TABLES `tb_meeting` WRITE;
/*!40000 ALTER TABLE `tb_meeting` DISABLE KEYS */;
INSERT INTO `tb_meeting` VALUES (18,59,8,'춘식이의 음악이 흐르는 공부방','분위기 좋은 음악이 흐르는 공부방에서 춘식이와 함께 공부하세요 :)',NULL,12,0,'춘식이의 음악이 흐르는 공부방59',0,0,0),(19,60,3,'알린과 함께하는 공부방','조용히 카메라 꺼놓고 공부하실분 들어오세요',NULL,12,0,'알린과 함께하는 공부방60',0,0,0),(20,61,7,'칼바람 나락으로의 초대','Lorem ipsum dolor sit amet, consectetur adipiscing elit, sed do eiusmod tempor incididunt ut labore et dolore magna aliqua. Ut enim ad minim veniam, quis nostrud exercitation ullamco laboris nisi ut aliquip ex ea commodo consequat. \r\n\r\nDuis aute irure dolor in reprehenderit in voluptate velit esse cillum dolore eu fugiat nulla pariatur. Excepteur sint occaecat cupidatat non proident, sunt in culpa qui officia deserunt mollit anim id est laborum.',NULL,12,0,'칼바람 나락으로의 초대61',0,0,0),(21,63,1,'나랑 점심 먹을래~~?','치킨마요덮밥 만들기',NULL,12,0,'나랑 점심 먹을래~~?63',0,0,0),(23,62,8,'[ASMR] 탭핑 소리 들으며 공부','탭핑 위주의 ASMR이 깔린 방입니당 *^^*',NULL,12,0,'[ASMR] 탭핑 소리 들으며 공부62',0,0,0),(24,64,2,'수능을 칩시다','수능공부를 합시다',NULL,12,1,'수능을 칩시다64',0,0,1),(25,58,7,'싸피생 다같이 모여라','같이 발표 듣고 준비할 싸피생 모여요!\r\n',NULL,12,0,'싸피생 다같이 모여라58',0,0,0);
/*!40000 ALTER TABLE `tb_meeting` ENABLE KEYS */;
UNLOCK TABLES;

--
-- Table structure for table `tb_meeting_onair`
--

DROP TABLE IF EXISTS `tb_meeting_onair`;
/*!40101 SET @saved_cs_client     = @@character_set_client */;
/*!50503 SET character_set_client = utf8mb4 */;
CREATE TABLE `tb_meeting_onair` (
  `meeting_seq` int NOT NULL,
  `user_seq` int NOT NULL,
  `is_host` tinyint(1) NOT NULL DEFAULT '0',
  KEY `FK_tb_meeting_TO_tb_meeting_onair_1` (`meeting_seq`),
  KEY `FK_tb_user_TO_tb_meeting_onair_1` (`user_seq`),
  CONSTRAINT `FK_tb_meeting_TO_tb_meeting_onair_1` FOREIGN KEY (`meeting_seq`) REFERENCES `tb_meeting` (`meeting_seq`),
  CONSTRAINT `FK_tb_user_TO_tb_meeting_onair_1` FOREIGN KEY (`user_seq`) REFERENCES `tb_user` (`user_seq`)
) ENGINE=InnoDB DEFAULT CHARSET=utf8mb3 COLLATE=utf8_bin;
/*!40101 SET character_set_client = @saved_cs_client */;

--
-- Dumping data for table `tb_meeting_onair`
--

LOCK TABLES `tb_meeting_onair` WRITE;
/*!40000 ALTER TABLE `tb_meeting_onair` DISABLE KEYS */;
INSERT INTO `tb_meeting_onair` VALUES (18,60,0),(24,1,0);
/*!40000 ALTER TABLE `tb_meeting_onair` ENABLE KEYS */;
UNLOCK TABLES;

--
-- Table structure for table `tb_member_study`
--

DROP TABLE IF EXISTS `tb_member_study`;
/*!40101 SET @saved_cs_client     = @@character_set_client */;
/*!50503 SET character_set_client = utf8mb4 */;
CREATE TABLE `tb_member_study` (
  `user_seq` int NOT NULL,
  `study_seq` int NOT NULL,
  `member_eject_count` tinyint NOT NULL DEFAULT '0',
  `is_member_onair` tinyint(1) NOT NULL DEFAULT '0',
  KEY `FK_tb_user_TO_tb_member_study_1` (`user_seq`),
  KEY `FK_tb_study_TO_tb_member_study_1` (`study_seq`),
  CONSTRAINT `FK_tb_study_TO_tb_member_study_1` FOREIGN KEY (`study_seq`) REFERENCES `tb_study` (`study_seq`),
  CONSTRAINT `FK_tb_user_TO_tb_member_study_1` FOREIGN KEY (`user_seq`) REFERENCES `tb_user` (`user_seq`)
) ENGINE=InnoDB DEFAULT CHARSET=utf8mb3 COLLATE=utf8_bin;
/*!40101 SET character_set_client = @saved_cs_client */;

--
-- Dumping data for table `tb_member_study`
--

LOCK TABLES `tb_member_study` WRITE;
/*!40000 ALTER TABLE `tb_member_study` DISABLE KEYS */;
INSERT INTO `tb_member_study` VALUES (58,93,0,0),(59,93,0,0),(1,94,0,0),(61,95,0,0),(60,96,0,0),(59,97,0,0),(60,98,0,0),(1,99,0,0),(62,100,0,0),(63,101,0,0),(63,99,0,0),(62,102,0,0),(62,103,0,0),(62,101,0,0),(1,104,0,0),(1,105,0,0),(60,106,0,0),(63,107,0,0),(64,108,0,0),(62,109,0,0),(60,110,0,0),(1,111,0,0),(64,112,0,0),(62,113,0,0),(63,114,0,0),(1,115,0,0),(62,116,0,0),(62,117,0,0),(63,118,0,0),(62,119,0,0),(1,120,0,0),(62,121,0,0),(63,122,0,0),(62,123,0,0),(63,109,0,0),(1,117,0,0),(62,124,0,0),(61,125,0,0),(1,126,0,0),(60,127,0,0),(60,128,0,0),(64,129,0,0),(1,97,0,0),(58,130,0,0),(64,97,0,0),(58,97,0,0),(1,127,0,0),(63,100,0,0),(64,126,0,0),(60,126,0,0),(63,126,0,0),(58,131,0,0),(1,113,0,0),(64,132,0,0),(63,132,0,0),(64,133,0,0),(63,133,0,0),(1,134,0,0),(58,134,0,0),(63,134,0,0),(1,135,0,0),(1,136,0,0),(58,136,0,0),(58,137,0,0),(1,138,0,0),(63,138,0,0),(66,138,0,1),(65,138,0,0),(59,138,1,0),(58,138,0,0),(1,139,0,0),(59,139,0,0),(63,139,0,0);
/*!40000 ALTER TABLE `tb_member_study` ENABLE KEYS */;
UNLOCK TABLES;

--
-- Table structure for table `tb_notice`
--

DROP TABLE IF EXISTS `tb_notice`;
/*!40101 SET @saved_cs_client     = @@character_set_client */;
/*!50503 SET character_set_client = utf8mb4 */;
CREATE TABLE `tb_notice` (
  `notice_seq` int NOT NULL AUTO_INCREMENT,
  `user_seq` int NOT NULL,
  `category_seq` int NOT NULL,
  `notice_content` varchar(255) CHARACTER SET utf8 COLLATE utf8_bin NOT NULL,
  `notice_date` datetime NOT NULL DEFAULT CURRENT_TIMESTAMP,
  `is_checked` tinyint(1) NOT NULL DEFAULT '0',
  PRIMARY KEY (`notice_seq`),
  KEY `FK_tb_category_TO_tb_notice_idx` (`category_seq`),
  KEY `FK_tb_user_TO_tb_notice_1` (`user_seq`),
  CONSTRAINT `FK_tb_category_TO_tb_notice` FOREIGN KEY (`category_seq`) REFERENCES `tb_category` (`category_seq`) ON DELETE CASCADE ON UPDATE CASCADE,
  CONSTRAINT `FK_tb_user_TO_tb_notice_1` FOREIGN KEY (`user_seq`) REFERENCES `tb_user` (`user_seq`) ON DELETE CASCADE ON UPDATE CASCADE
) ENGINE=InnoDB AUTO_INCREMENT=283 DEFAULT CHARSET=utf8mb3 COLLATE=utf8_bin;
/*!40101 SET character_set_client = @saved_cs_client */;

--
-- Dumping data for table `tb_notice`
--

LOCK TABLES `tb_notice` WRITE;
/*!40000 ALTER TABLE `tb_notice` DISABLE KEYS */;
INSERT INTO `tb_notice` VALUES (180,60,104,'신규 업적이 등록되었습니다: [자, 이제 시작이야!]','2022-02-18 04:19:36',0),(181,61,104,'신규 업적이 등록되었습니다: [자, 이제 시작이야!]','2022-02-18 04:25:06',0),(182,58,102,'[기술고시 5급 말터디] 스터디에 [eylee1113] 회원이 참가를 신청하였습니다.','2022-02-18 04:34:20',0),(183,58,102,'[기술고시 5급 말터디] 스터디에 [와플이] 회원이 참가를 신청하였습니다.','2022-02-18 04:34:27',0),(184,58,102,'[기술고시 5급 말터디] 스터디에 [choymoon] 회원이 참가를 신청하였습니다.','2022-02-18 04:36:12',0),(185,59,102,'[기술고시 5급 말터디] 스터디에 참가되었습니다.','2022-02-18 04:36:44',1),(186,59,104,'신규 업적이 등록되었습니다: [스터디 첫 참가]','2022-02-18 04:36:44',0),(187,59,104,'신규 업적이 등록되었습니다: [일찍 일어나는 새]','2022-02-18 04:56:26',1),(188,1,104,'신규 업적이 등록되었습니다: [자유열람실 첫 입장]','2022-02-18 04:56:31',1),(189,1,104,'신규 업적이 등록되었습니다: [일찍 일어나는 새]','2022-02-18 04:56:31',1),(190,60,104,'신규 업적이 등록되었습니다: [자유열람실 첫 입장]','2022-02-18 04:56:41',1),(191,60,104,'신규 업적이 등록되었습니다: [일찍 일어나는 새]','2022-02-18 04:56:41',0),(192,62,104,'신규 업적이 등록되었습니다: [자, 이제 시작이야!]','2022-02-18 05:43:28',1),(193,63,104,'신규 업적이 등록되었습니다: [자, 이제 시작이야!]','2022-02-18 06:21:23',1),(194,62,102,'[공기업 전공 스터디] 스터디에 [잇츠미이이] 회원이 참가를 신청하였습니다.','2022-02-18 06:21:55',1),(195,1,102,'[실무 포토샵 일러스트 디자인 or 마케팅 스터디] 스터디에 [잇츠미이이] 회원이 참가를 신청하였습니다.','2022-02-18 06:22:04',1),(196,63,104,'신규 업적이 등록되었습니다: [자유열람실 첫 입장]','2022-02-18 06:27:25',1),(197,63,104,'신규 업적이 등록되었습니다: [일찍 일어나는 새]','2022-02-18 06:27:25',1),(198,63,102,'[실무 포토샵 일러스트 디자인 or 마케팅 스터디] 스터디에 참가되었습니다.','2022-02-18 06:48:38',1),(199,63,104,'신규 업적이 등록되었습니다: [스터디 첫 참가]','2022-02-18 06:48:38',1),(200,63,102,'[건강 챙길 나이, 스물여섯] 스터디에 [지영이] 회원이 참가를 신청하였습니다.','2022-02-18 06:57:37',1),(201,62,102,'[건강 챙길 나이, 스물여섯] 스터디에 참가되었습니다.','2022-02-18 06:58:43',1),(202,62,104,'신규 업적이 등록되었습니다: [스터디 첫 참가]','2022-02-18 06:58:43',1),(203,1,102,'[기타초급반] 스터디에 [지영이] 회원이 참가를 신청하였습니다.','2022-02-18 07:01:14',0),(204,62,104,'신규 업적이 등록되었습니다: [자유열람실 첫 입장]','2022-02-18 07:01:25',1),(205,64,104,'신규 업적이 등록되었습니다: [자, 이제 시작이야!]','2022-02-18 07:07:51',0),(206,62,102,'[SQLD 자격증 취득] 스터디에 [잇츠미이이] 회원이 참가를 신청하였습니다.','2022-02-18 07:12:14',1),(207,1,102,'[공기업 인적성 스터디 상/하반기 경험자만] 스터디에 [지영이] 회원이 참가를 신청하였습니다.','2022-02-18 07:14:53',0),(208,62,102,'[ADsP 자격증 취득] 스터디에 [와플이] 회원이 참가를 신청하였습니다.','2022-02-18 07:46:10',1),(209,63,102,'[SQLD 자격증 취득] 스터디에 참가되었습니다.','2022-02-18 08:46:36',1),(210,1,102,'[ADsP 자격증 취득] 스터디에 참가되었습니다.','2022-02-18 08:46:43',0),(211,59,102,'[춘식쓰와 함께 하는 요리 스터디~] 스터디에 [와플이] 회원이 참가를 신청하였습니다.','2022-02-18 10:04:30',1),(212,1,102,'[춘식쓰와 함께 하는 요리 스터디~] 스터디에 참가되었습니다.','2022-02-18 10:12:25',0),(213,59,102,'[춘식쓰와 함께 하는 요리 스터디~] 스터디에 [공습이] 회원이 참가를 신청하였습니다.','2022-02-18 10:14:38',0),(214,59,102,'[춘식쓰와 함께 하는 요리 스터디~] 스터디에 [winter] 회원이 참가를 신청하였습니다.','2022-02-18 10:14:38',0),(215,64,102,'[춘식쓰와 함께 하는 요리 스터디~] 스터디에 참가되었습니다.','2022-02-18 10:14:58',0),(216,64,104,'신규 업적이 등록되었습니다: [스터디 첫 참가]','2022-02-18 10:14:58',0),(217,58,102,'[춘식쓰와 함께 하는 요리 스터디~] 스터디에 참가되었습니다.','2022-02-18 10:14:59',0),(218,58,104,'신규 업적이 등록되었습니다: [스터디 첫 참가]','2022-02-18 10:14:59',0),(219,60,102,'[[JAVA]알고리즘/CS개념 공부] 스터디에 [와플이] 회원이 참가를 신청하였습니다.','2022-02-18 10:18:15',1),(220,58,102,'[정처기 필기] 스터디에 [와플이] 회원이 참가를 신청하였습니다.','2022-02-18 10:18:27',0),(221,1,102,'[[JAVA]알고리즘/CS개념 공부] 스터디에 참가되었습니다.','2022-02-18 10:21:40',0),(222,1,102,'[정처기 필기] 스터디에 참가되었습니다.','2022-02-18 10:23:46',0),(223,63,102,'[공기업 전공 스터디] 스터디에 참가되었습니다.','2022-02-18 10:24:14',1),(224,1,102,'[공부습관 기르미] 스터디에 [공습이] 회원이 참가를 신청하였습니다.','2022-02-18 10:25:31',0),(225,1,102,'[공부습관 기르미] 스터디에 [잇츠미이이] 회원이 참가를 신청하였습니다.','2022-02-18 10:25:40',0),(226,1,102,'[공부습관 기르미] 스터디에 [eylee1113] 회원이 참가를 신청하였습니다.','2022-02-18 10:26:09',0),(227,64,102,'[공부습관 기르미] 스터디에 참가되었습니다.','2022-02-18 10:26:21',0),(228,60,102,'[공부습관 기르미] 스터디에 참가되었습니다.','2022-02-18 10:26:24',0),(229,60,104,'신규 업적이 등록되었습니다: [스터디 첫 참가]','2022-02-18 10:26:25',0),(230,63,102,'[공부습관 기르미] 스터디에 참가되었습니다.','2022-02-18 10:26:27',0),(231,62,102,'[노래 잘 부르고 싶다! 하시는 분 come come ~~] 스터디에 [와플이] 회원이 참가를 신청하였습니다.','2022-02-18 10:28:24',0),(232,58,102,'[알고리즘 스터디] 스터디에 [공습이] 회원이 참가를 신청하였습니다.','2022-02-18 10:28:42',0),(233,58,102,'[알고리즘 스터디] 스터디에 [잇츠미이이] 회원이 참가를 신청하였습니다.','2022-02-18 10:28:43',0),(234,1,102,'[노래 잘 부르고 싶다! 하시는 분 come come ~~] 스터디에 참가되었습니다.','2022-02-18 10:29:42',1),(235,64,102,'[취업스터디모집] 스터디에 [잇츠미이이] 회원이 참가를 신청하였습니다.','2022-02-18 10:55:42',1),(236,63,102,'[취업스터디모집] 스터디에 참가되었습니다.','2022-02-18 10:55:56',0),(237,64,102,'[정보처리기사] 스터디에 [잇츠미이이] 회원이 참가를 신청하였습니다.','2022-02-18 10:57:08',1),(238,63,102,'[정보처리기사] 스터디에 참가되었습니다.','2022-02-18 10:57:20',0),(239,58,104,'신규 업적이 등록되었습니다: [자유열람실 첫 입장]','2022-02-18 11:08:51',0),(240,65,104,'신규 업적이 등록되었습니다: [자, 이제 시작이야!]','2022-02-18 11:19:36',0),(241,59,102,'[춘식쓰와 함께 하는 요리 스터디~] 스터디에 [팡호] 회원이 참가를 신청하였습니다.','2022-02-18 11:24:15',1),(242,64,104,'신규 업적이 등록되었습니다: [자유열람실 첫 입장]','2022-02-18 11:32:34',0),(243,66,104,'신규 업적이 등록되었습니다: [자, 이제 시작이야!]','2022-02-18 11:37:51',0),(244,64,102,'[개발프로젝트 스터디] 스터디에 [winter] 회원이 참가를 신청하였습니다.','2022-02-18 11:41:20',0),(245,64,102,'[취업스터디모집] 스터디에 [winter] 회원이 참가를 신청하였습니다.','2022-02-18 11:41:28',0),(246,1,102,'[정보처리기사 자격증 취득] 스터디에 [winter] 회원이 참가를 신청하였습니다.','2022-02-18 11:41:36',1),(247,1,102,'[정보처리기사 자격증 취득] 스터디에 [잇츠미이이] 회원이 참가를 신청하였습니다.','2022-02-18 11:41:41',1),(248,58,102,'[정보처리기사 자격증 취득] 스터디에 참가되었습니다.','2022-02-18 11:41:54',0),(249,63,102,'[정보처리기사 자격증 취득] 스터디에 참가되었습니다.','2022-02-18 11:41:56',0),(250,60,102,'[개발 공부 인증 스터디] 스터디에 [와플이] 회원이 참가를 신청하였습니다.','2022-02-18 12:13:32',0),(251,60,102,'[개발 공부 인증 스터디] 스터디에 [와플이] 회원이 참가를 신청하였습니다.','2022-02-18 12:54:29',0),(252,1,102,'[스터디] 스터디에 [winter] 회원이 참가를 신청하였습니다.','2022-02-18 12:56:59',0),(253,1,102,'[스터디] 스터디에 [공습이] 회원이 참가를 신청하였습니다.','2022-02-18 12:56:59',1),(254,58,102,'[스터디] 스터디에 참가되었습니다.','2022-02-18 12:57:57',0),(255,64,102,'[정보처리기사] 스터디에 [와플공습] 회원이 참가를 신청하였습니다.','2022-02-18 12:58:56',0),(256,1,102,'[스터디] 스터디에 [choymoon] 회원이 참가를 신청하였습니다.','2022-02-18 13:01:04',0),(257,1,102,'[공부습관 기르미] 스터디에 [팡호] 회원이 참가를 신청하였습니다.','2022-02-18 13:03:00',0),(258,1,102,'[공부습관 기르미] 스터디에 [choymoon] 회원이 참가를 신청하였습니다.','2022-02-18 13:03:10',0),(259,1,102,'[싸피생 스터디] 스터디에 [와플공습] 회원이 참가를 신청하였습니다.','2022-02-18 13:07:59',0),(260,1,102,'[싸피생 스터디] 스터디에 [팡호] 회원이 참가를 신청하였습니다.','2022-02-18 13:07:59',0),(261,1,102,'[싸피생 스터디] 스터디에 [winter] 회원이 참가를 신청하였습니다.','2022-02-18 13:08:00',0),(262,1,102,'[싸피생 스터디] 스터디에 [잇츠미이이] 회원이 참가를 신청하였습니다.','2022-02-18 13:08:02',0),(263,1,102,'[싸피생 스터디] 스터디에 [choymoon] 회원이 참가를 신청하였습니다.','2022-02-18 13:08:05',0),(264,65,102,'[싸피생 스터디] 스터디에 거절당했습니다.','2022-02-18 13:08:16',0),(265,59,102,'[싸피생 스터디] 스터디에 거절당했습니다.','2022-02-18 13:08:17',0),(266,58,102,'[싸피생 스터디] 스터디에 거절당했습니다.','2022-02-18 13:08:18',0),(267,63,102,'[싸피생 스터디] 스터디에 참가되었습니다.','2022-02-18 13:08:20',0),(268,66,102,'[싸피생 스터디] 스터디에 참가되었습니다.','2022-02-18 13:08:22',0),(269,66,104,'신규 업적이 등록되었습니다: [스터디 첫 참가]','2022-02-18 13:08:22',0),(270,1,102,'[싸피생 스터디] 스터디에 [choymoon] 회원이 참가를 신청하였습니다.','2022-02-18 13:08:30',0),(271,1,102,'[싸피생 스터디] 스터디에 [팡호] 회원이 참가를 신청하였습니다.','2022-02-18 13:08:36',0),(272,65,102,'[싸피생 스터디] 스터디에 참가되었습니다.','2022-02-18 13:08:57',1),(273,65,104,'신규 업적이 등록되었습니다: [스터디 첫 참가]','2022-02-18 13:08:57',0),(274,59,102,'[싸피생 스터디] 스터디에 참가되었습니다.','2022-02-18 13:08:59',0),(275,1,102,'[싸피생 스터디] 스터디에 [winter] 회원이 참가를 신청하였습니다.','2022-02-18 13:09:06',0),(276,58,102,'[싸피생 스터디] 스터디에 참가되었습니다.','2022-02-18 13:09:14',0),(277,60,102,'[개발 공부 인증 스터디] 스터디에 [와플이] 회원이 참가를 신청하였습니다.','2022-02-18 14:57:16',0),(278,1,102,'[사랑하는 싸피생ㄷ르] 스터디에 [공습이] 회원이 참가를 신청하였습니다.','2022-02-18 14:59:17',0),(279,1,102,'[사랑하는 싸피생ㄷ르] 스터디에 [choymoon] 회원이 참가를 신청하였습니다.','2022-02-18 14:59:18',0),(280,1,102,'[사랑하는 싸피생ㄷ르] 스터디에 [잇츠미이이] 회원이 참가를 신청하였습니다.','2022-02-18 14:59:21',0),(281,59,102,'[사랑하는 싸피생ㄷ르] 스터디에 참가되었습니다.','2022-02-18 14:59:46',0),(282,63,102,'[사랑하는 싸피생ㄷ르] 스터디에 참가되었습니다.','2022-02-18 14:59:48',0);
/*!40000 ALTER TABLE `tb_notice` ENABLE KEYS */;
UNLOCK TABLES;

--
-- Table structure for table `tb_report`
--

DROP TABLE IF EXISTS `tb_report`;
/*!40101 SET @saved_cs_client     = @@character_set_client */;
/*!50503 SET character_set_client = utf8mb4 */;
CREATE TABLE `tb_report` (
  `report_seq` int NOT NULL AUTO_INCREMENT,
  `user_seq_from` int NOT NULL,
  `user_seq_to` int NOT NULL,
  `report_content` varchar(255) CHARACTER SET utf8 COLLATE utf8_bin NOT NULL,
  `report_date` datetime NOT NULL DEFAULT CURRENT_TIMESTAMP,
  PRIMARY KEY (`report_seq`),
  KEY `FK_tb_user_TO_tb_report_1` (`user_seq_from`),
  KEY `FK_tb_user_TO_tb_report_2` (`user_seq_to`),
  CONSTRAINT `FK_tb_user_TO_tb_report_1` FOREIGN KEY (`user_seq_from`) REFERENCES `tb_user` (`user_seq`) ON DELETE CASCADE ON UPDATE CASCADE,
  CONSTRAINT `FK_tb_user_TO_tb_report_2` FOREIGN KEY (`user_seq_to`) REFERENCES `tb_user` (`user_seq`) ON DELETE CASCADE ON UPDATE CASCADE
) ENGINE=InnoDB AUTO_INCREMENT=2 DEFAULT CHARSET=utf8mb3 COLLATE=utf8_bin;
/*!40101 SET character_set_client = @saved_cs_client */;

--
-- Dumping data for table `tb_report`
--

LOCK TABLES `tb_report` WRITE;
/*!40000 ALTER TABLE `tb_report` DISABLE KEYS */;
/*!40000 ALTER TABLE `tb_report` ENABLE KEYS */;
UNLOCK TABLES;

--
-- Table structure for table `tb_study`
--

DROP TABLE IF EXISTS `tb_study`;
/*!40101 SET @saved_cs_client     = @@character_set_client */;
/*!50503 SET character_set_client = utf8mb4 */;
CREATE TABLE `tb_study` (
  `study_seq` int NOT NULL AUTO_INCREMENT,
  `host_seq` int NOT NULL,
  `category_seq` int NOT NULL,
  `study_title` varchar(50) CHARACTER SET utf8 COLLATE utf8_bin NOT NULL,
  `study_short_desc` varchar(50) CHARACTER SET utf8 COLLATE utf8_bin DEFAULT NULL,
  `study_desc` text CHARACTER SET utf8 COLLATE utf8_bin,
  `study_capacity` tinyint NOT NULL DEFAULT '1',
  `study_url` varchar(100) CHARACTER SET utf8 COLLATE utf8_bin DEFAULT NULL,
  `study_late` tinyint NOT NULL DEFAULT '10' COMMENT '분단위',
  `study_date_start` date DEFAULT NULL COMMENT '스터디 링크 생성 버튼을 누르면 now()로 저장.',
  `study_date_end` date DEFAULT NULL COMMENT '스터디 종료 버튼을 누르면 now()로 저장.',
  `study_recruit_start` date NOT NULL,
  `study_recruit_end` date NOT NULL COMMENT '모집 종료 버튼을 누르면 now()로 저장.',
  `is_study_recruiting` tinyint(1) NOT NULL DEFAULT '1',
  `is_study_onair` tinyint(1) NOT NULL DEFAULT '0',
  PRIMARY KEY (`study_seq`),
  KEY `FK_tb_user_TO_tb_study_1` (`host_seq`),
  KEY `FK_tb_category_TO_tb_study_1` (`category_seq`),
  CONSTRAINT `FK_tb_category_TO_tb_study_1` FOREIGN KEY (`category_seq`) REFERENCES `tb_category` (`category_seq`),
  CONSTRAINT `FK_tb_user_TO_tb_study_1` FOREIGN KEY (`host_seq`) REFERENCES `tb_user` (`user_seq`)
) ENGINE=InnoDB AUTO_INCREMENT=140 DEFAULT CHARSET=utf8mb3 COLLATE=utf8_bin;
/*!40101 SET character_set_client = @saved_cs_client */;

--
-- Dumping data for table `tb_study`
--

LOCK TABLES `tb_study` WRITE;
/*!40000 ALTER TABLE `tb_study` DISABLE KEYS */;
INSERT INTO `tb_study` VALUES (93,58,6,'기술고시 5급 말터디','매일 저녁 말하면서 개념정리하는 스터디','Lorem ipsum dolor sit amet, consectetur adipiscing elit, sed do eiusmod tempor incididunt ut labore et dolore magna aliqua. Ut enim ad minim veniam, quis nostrud exercitation ullamco laboris nisi ut aliquip ex ea commodo consequat. Duis aute irure dolor in reprehenderit in voluptate velit esse cillum dolore eu fugiat nulla pariatur. Excepteur sint occaecat cupidatat non proident, sunt in culpa qui officia deserunt mollit anim id est laborum.\n\nLorem ipsum dolor sit amet, consectetur adipiscing elit, sed do eiusmod tempor incididunt ut labore et dolore magna aliqua. Ut enim ad minim veniam, quis nostrud exercitation ullamco laboris nisi ut aliquip ex ea commodo consequat. Duis aute irure dolor in reprehenderit in voluptate velit esse cillum dolore eu fugiat nulla pariatur. \n\n\nExcepteur sint occaecat cupidatat non proident, sunt in culpa qui officia deserunt mollit anim id est laborum. Lorem ipsum dolor sit amet, consectetur adipiscing elit, sed do eiusmod tempor incididunt ut labore et d',6,'Study93hst58linkURL',10,'2022-02-18',NULL,'2022-02-18','2022-02-25',1,0),(94,1,5,'정보처리기사 자격증','1차합격 목표로 공부하는 스터디','★정보처리기사 자격증 취득 스터디★\n\n올해 예정되어있는 기사시험 1차합격이 목표입니다\n\n3월 5일까지 필기공부진행예정이며, \n필기 합격한 분들 기반으로 5월 7일에 있을 실기시험 대비 학습 진행할 예정입니다.\n\n스터디는 이론학습, 기출문제 풀기, 오답노트 정리 순으로 이루어질 것 같습니다.',6,'정보처리기사 자격증1',10,NULL,NULL,'2022-02-18','2022-02-25',1,0),(95,61,1,'슈퍼와플 베이킹 스터디','오즈와 함께 두부치킨 만드실 분들 들어오셈','Lorem ipsum dolor sit amet, consectetur adipiscing elit, sed do eiusmod tempor incididunt ut labore et dolore magna aliqua. Ut enim ad minim veniam, quis nostrud exercitation ullamco laboris nisi ut aliquip ex ea commodo consequat. Duis aute irure dolor in reprehenderit in voluptate velit esse cillum dolore eu fugiat nulla pariatur. Excepteur sint occaecat cupidatat non proident, sunt in culpa qui officia deserunt mollit anim id est laborum.\n\nSed ut perspiciatis unde omnis iste natus error sit voluptatem accusantium doloremque laudantium, totam rem aperiam, eaque ipsa quae ab illo inventore veritatis et quasi architecto beatae vitae dicta sunt explicabo. Nemo enim ipsam voluptatem quia voluptas sit aspernatur aut odit aut fugit, sed quia consequuntur magni dolores eos qui ratione voluptatem sequi nesciunt. Neque porro quisquam est, qui dolorem ipsum quia dolor sit amet, consectetur, adipisci velit, sed quia non numquam eius modi tempora incidunt ut labore et dolore magnam aliquam quaer',6,'슈퍼와플 베이킹 스터디61',10,NULL,NULL,'2022-02-18','2022-02-26',1,0),(96,60,7,'개발 공부 인증 스터디','매일 공부한 것을 인증하고, 칭찬하고, 피드백하는 스터디','스터디 방식\n\n- 월 : 일주일 공부 계획 공유 및 지난 공부 자료 공유\n\n- 화 : CS공부\n\n- 목 : 알고리즘 공부\n\n공부한 자료 및 회고록은 노션 공유 페이지에 작성할 예정입니다. 템플릿은 스터디장이 제공합니다.\n\n\n서로의 공부 자료 및 회고록에 칭찬과 피드백 댓글을 마구 달아주면 그달 스터디는 끝',6,'개발 공부 인증 스터디60',10,NULL,NULL,'2022-02-18','2022-02-25',1,0),(97,59,1,'춘식쓰와 함께 하는 요리 스터디~','맛있는 요리 만들어봐요!! :)','같이 요리 공부하고, 맛있는 요리 하실 분들을 찾습니다 :)\n주말 전인 금요일과 주말 중 토요일 저녁 시간에 함께 요리하는 시간 가졌으면 좋겠습니다 ㅎㅎ\n\n요리 못하는거 상관 없습니다, 레시피도 같이 공유하고, 함께 요리하는 모습 공유하면서 맛있게 만들어봐요 ㅎㅎ\n\n매 주 금, 토 다 출석하지 않으셔도 됩니다. 인원 찰때까지 받겠습니다. :)\n\n관심 있으신 분들은 신청 눌러주세요!! ㅎㅎ',6,'Study97hst59linkURL',10,'2022-02-18',NULL,'2022-02-18','2022-02-26',1,0),(98,60,7,'프론트엔드 스터디','리액트를 공부해보아요','프론트엔드 개발자로 취업하기 위한 스터디입니다.\n기초적인것 부터 프로젝트 진행까지..!\n\ncss다루기, react 훅 사용 등 프론트엔드의 전반적인 부분을 공부하는 스터디입니다\n스터디시간에 같이 개발을 하며 개발 실력을 향상시켜 보아요',6,'프론트엔드 스터디60',10,NULL,NULL,'2022-02-18','2022-02-25',1,0),(99,1,3,'실무 포토샵 일러스트 디자인 or 마케팅 스터디','레벨별 자신의 작업에 맞춰 진행하는 디자인/마케팅스터디!','디자이너에게 실무스킬로 끝내는 기초 포토샵/일러스트 작업부터\n취업과 스킬업에 필요한 작업까지 수준별로 함께해요!\n\n실무 마케팅 부터 디자인팀까지 모두 준비 가능!\n\"겉 핡기 식이 아닌 스스로 디자인할 수 있는 방법을 스터디로 배워요.\"\n\n\n1) 포토샵/일러스트를 처음배우는 기초분들을 위한 레벨로 4주동안 기초완성하며 프로그램툴과  디자인 발상법으로 기획부터 스스로 작업할수 있는환경을 만들며 스터디를 진행합니다.\n2) 스킬업 단계로 심화 스킬을 배우며 학생 개인커리큘럼에 맞춰진 디자인작업을 진행해 스스로 디자인 할 수 있는 스터디를 진행합니다.\n\n\n\n',6,'실무 포토샵 일러스트 디자인 or 마케팅 스터디1',10,NULL,NULL,'2022-02-18','2022-02-25',1,0),(100,62,4,'공기업 전공 스터디','공기업에서 시행 중인 NCS(직업기초능력평가) 및 전공시험(경영/경제)을 준비','이번년도 하반기를 비롯하여 내년 상반기까지 공기업을 준비하는 과정에서 효율적인 전공공부를 하고자 합니다\n주요 공기업에서 시행 중인 NCS(직업기초능력평가) 및 전공시험(경영/경제)을 준비하고자 합니다\n현재 공기업 재직 중이나, 이직 준비를 하는 과정에서 다른 분들과 공부 계획을 공유함과 동시에 진도 체크를 하면서 \'강제성\'을 두기 위함에 있습니다\n\n스터디원들끼리 주간 공부계획을 공유하고, 일일 단위로 얼마나 공부했는지 점검하며 하루를 마무리하고자 해요!\n\n경영 혹은 경제영역에 대한 탭을 따로 두어, 준비하는 인원들끼리 문제 공유\n\n - 경영학/경제학에 대한 문제를 한 명씩 돌아가며 발제하고, 이를 공유하며 스터디원들끼리 해설 풀이\n\n - 밴드(BAND)앱을 활용하여 경영학/경제학 탭에 문제를 업로드하는 방식\n\n - 출제하는 문제 유형은 객관식, O/X문제, 단답형, 약술형 등 다양한 방식으로 지정\n\n\n\n',6,'Study100hst62linkURL',10,'2022-02-18',NULL,'2022-02-18','2022-02-25',1,0),(101,63,1,'건강 챙길 나이, 스물여섯','건강한 식사를 꿈꿉니다.','배달음식에 지친 영혼들을 위로하기 위해 간단한 재료로 직접 만들 수 있는 요리들을 소개합니다~!',6,'Study101hst63linkURL',10,'2022-02-18',NULL,'2022-02-18','2022-02-25',1,0),(102,62,3,'삼성 취업 스터디','오직 삼성그룹만 판다!','삼성 스터디와 함께 최종합격합시다!',6,'삼성 취업 스터디62',10,NULL,NULL,'2022-02-18','2022-02-25',1,0),(103,62,5,'컴활 1급 실기 고수 구합니다.','컴활 1급 실기 가르쳐주실 분???','금요일 13~15시, 주말 10~12시 스터디 구합니다!! 고수님들 환영해요★',6,'컴활 1급 실기 고수 구합니다.62',10,NULL,NULL,'2022-02-18','2022-02-25',1,0),(104,1,8,'기타초급반','기타배우고싶으신분들 환영','기타를 배워보아요 \n1. 코드외우기\n2. 기초곡 연습\n3. 연주하고싶은곡 연습',6,'기타초급반1',10,NULL,NULL,'2022-02-18','2022-03-05',1,0),(105,1,4,'공기업 인적성 스터디 상/하반기 경험자만','공기업 NCS 인적성 스터디','봉투모의고사 문제풀이로 각자 스킬 공유로 시험 감을 잃지 마세요~!\n\n벌금은 없으나 참여율을 높게 하기 위하여 \n\n한달치 비용을 전부 지불하고 결석 및 지각에 대한 환불은 안되게 운영하고 있습니다.\n\n착실하게 출석하셔서 공부하실 분들 급구합니다~!\n\n\n',6,'공기업 인적성 스터디 상/하반기 경험자만1',10,NULL,NULL,'2022-02-18','2022-02-20',1,0),(106,60,9,'특수교육 임용공부해요','특수교육과 임용 준비','이번임용에 꼭 붙읍시다',6,'특수교육 임용공부해요60',10,NULL,NULL,'2022-02-18','2022-03-02',1,0),(107,63,2,'재수합니다','...','같이 공부하고 서로서로 모르는 부분 물어보며 진행하고 싶습니다.\n주말 제외, 매일 09-22시 공부합니다. 주말에 공부하고 싶으신 분들은 제 자유열람실로 찾아오세요',6,'재수합니다63',10,NULL,NULL,'2022-02-18','2022-02-25',1,0),(108,64,1,'백주부레시피 따라하기','백주부 유튜브를 보며 요리를만들어보아요','백주부 레시피로 간단한 요리를 만들며 요리실력을 향상시켜 봅시다',6,'백주부레시피 따라하기64',10,NULL,NULL,'2022-02-18','2022-02-25',1,0),(109,62,7,'SQLD 자격증 취득','한 달 뽀개기!!!!!!!','SQLD 같이 공부해도 되고, 헷갈리는 부분 서로 질문하는 시간 가져요~ 다들 화이팅합시다!!!',6,'Study109hst62linkURL',10,'2022-02-18',NULL,'2022-02-18','2022-02-25',1,0),(110,60,5,'네일자격증 공부','네일아트의 세계로 빠져봅시다','네일아트 자격증 공부 스터디입니다\n네일아트자격증이다보니 재료는 다 필수로 가지고계셔야해요!!',6,'네일자격증 공부60',10,NULL,NULL,'2022-02-18','2022-03-01',1,0),(111,1,9,'중등교사 임용준비','같이 올해 임용준비하실분~!','중등교사 임용준비 스터디입니다',6,'중등교사 임용준비1',10,NULL,NULL,'2022-02-18','2022-02-25',1,0),(112,64,6,'공무원시험합격은 에듀윌~','공무원시험 준비합시다','다같이 공무원이 되어봅시다',6,'공무원시험합격은 에듀윌~64',10,NULL,NULL,'2022-02-18','2022-03-05',1,0),(113,62,8,'노래 잘 부르고 싶다! 하시는 분 come come ~~','내가 숨겨진 실력자다! 혹은 실용음악 전공자다! 하시는 분 어서 오세요~~','고수님들, 와서 이 음치 좀 도와주세요....ㅜㅜㅜ',6,'Study113hst62linkURL',10,'2022-01-01',NULL,'2022-02-18','2022-02-25',1,0),(114,63,2,'한국사 공부','문/이과 모두 환영','매주 한 단원씩 읽고 요약해서 발표하며 공유하는 시간 가질까 합니다!\n서로 요약본도 보충하고 잘 외워질 거 같아요!\n다들 같이 힘내서 한국사 잘 칩시당!!!! ><',6,'한국사 공부63',10,NULL,NULL,'2022-02-18','2022-02-25',1,0),(115,1,1,'생지로 하는 베이킹 (๑˃̵ᴗ˂̵)و','크루아상, 크로플, 와플 등등 맛있는 거 만들어봐요!','일요일 아침.... 집안을 가득 메우는 빵냄새....\n그 행복을 나누고자 스터디를 진행합니다.\n일반 스터디보다는 제가 진행하는 레시피 따라하기 위주로 진행될 거 같고, 캠 온 필수입니다 >< \n잘 부탁드려요~~~',6,'생지로 하는 베이킹 (๑˃̵ᴗ˂̵)و1',10,NULL,NULL,'2022-02-18','2022-02-25',1,0),(116,62,3,'취뽀하고 싶다...','혼자 있으면 무기력해지는 E 모집합니다...','간단한 친목용 스터디예요...\n혼자 공부하다 보니 넘 외롭고 힘드네요 ㅜㅜ\n같이 얘기하다가 스터디를 같이 진행해보는 것도 좋을 것 같아요.\n취준생 분들 중에서 대화하고 싶은 분들, 누구나 환영입니다...♡',6,'취뽀하고 싶다...62',10,NULL,NULL,'2022-02-18','2022-02-25',1,0),(117,62,5,'ADsP 자격증 취득','한 달 뽀개기!!!!','화목토 저녁에 진행하려고 합니다.\n각자 공부 틈틈이 해오시고, 만나는 날에 서로 질문하고 팁 공유하는 시간 가지고 싶습니다 :)',6,'Study117hst62linkURL',10,'2022-02-18','2022-02-18','2022-02-18','2022-02-25',1,0),(118,63,2,'영어 공부','망할 수특.... 흑!!!','매주 일요일 아침을 영어로 열어봐요....\n지긋지긋하지만... 피할 수 없다면 즐겨라.... 아시죠....?\n즐겨보려고 합니다...\n같이 즐기실 분 많이 신청해주세요',6,'영어 공부63',10,NULL,NULL,'2022-02-18','2022-03-26',1,0),(119,62,8,'단소 시험이 있어요','단소 부는 거 도와주세요 ʕ•ﻌ•ʔ ♡','다다음주 월요일이 단소 시험이에요\n근데 소리가 1도 안 나요 ㅜㅜ\n소싯적에 한 단소 불었다~ 하시는 분들 저 좀 도와주세요 ㅜㅜ',6,'단소 시험이 있어요62',10,NULL,NULL,'2022-02-18','2022-02-25',1,0),(120,1,7,'직장인 알고리즘 스터디 구합니다.','퇴근 후 2시간 공부, 어때요?','한 주에 두 번만 진행하려고 합니다.\n백준 문제 같이 정해서 풀어오고, 풀이 공유하는 방식을 생각하고 있으나 좋은 의견 있으시면 알려주세요!',6,'직장인 알고리즘 스터디 구합니다.1',10,NULL,NULL,'2022-02-18','2022-03-16',1,0),(121,62,3,'미라클 모닝하며 취준해요','시사상식','한 주의 이슈와 시사상식을 정리하는 시간을 가지며 취업 준비해요!\n미라클 모닝 경험하며 좋은 생활습관도 함께 가져봐용 :)',6,'미라클 모닝하며 취준해요62',10,NULL,NULL,'2022-02-18','2022-02-25',1,0),(122,63,3,'삼성 상반기 GSAT 준비','힘들지만 함께라면 두렵지~ 않아~!','주중엔 시간이 안 나서 주말에 모이고자 합니다!\n같이 문제 풀고 생각 공유해요! 취업 정보는 덤~',6,'삼성 상반기 GSAT 준비63',10,NULL,NULL,'2022-02-18','2022-02-25',1,0),(123,62,3,'SSAFY 8기 준비','미리미리 준비합시데이~~ day day~~','급하지 않으니 한 주에 한 번 만나서 경험 정리하고 차근차근 같이 준비하실 사람 모집해요~~',6,'SSAFY 8기 준비62',10,NULL,NULL,'2022-02-18','2022-02-25',1,0),(124,62,1,'자취생 요리 레시피 공유합니다.','매주 일요일 아침, 요리교실 오픈~ 오늘은 내가 요리사!!!','일찍 일어나는 새가?\n예~ 밥을 잘 먹는다!\n\n귀찮아서 쫄쫄 굶다가 몸 다 망가집니다.\n저랑 아침에 일어나서 간단하게나마 요리해 드실분~~~ ',6,'자취생 요리 레시피 공유합니다.62',10,NULL,NULL,'2022-02-18','2022-03-12',1,0),(125,61,2,'비문학 문풀 스터디','주말마다 같이 비문학 문풀하실분 구함','Lorem ipsum dolor sit amet, consectetur adipiscing elit, sed do eiusmod tempor incididunt ut labore et dolore magna aliqua. Ut enim ad minim veniam, quis nostrud exercitation ullamco laboris nisi ut aliquip ex ea commodo consequat. Duis aute irure dolor in reprehenderit in voluptate velit esse cillum dolore eu fugiat nulla pariatur. Excepteur sint occaecat cupidatat non proident, sunt in culpa qui officia deserunt mollit anim id est laborum\n\nLorem ipsum dolor sit amet, consectetur adipiscing elit, sed do eiusmod tempor incididunt ut labore et dolore magna aliqua. Ut enim ad minim veniam, quis nostrud exercitation ullamco laboris nisi ut aliquip ex ea commodo consequat. Duis aute irure dolor in reprehenderit in voluptate velit esse cillum dolore eu fugiat nulla pariatur. Excepteur sint occaecat cupidatat non proident, sunt in culpa qui officia deserunt mollit anim id est laborum',6,'비문학 문풀 스터디61',10,NULL,NULL,'2022-02-18','2022-02-25',1,0),(126,1,5,'공부습관 기르미','자기개발을 하면서 공부 습관을 기르고 자신이 세운 목표를 달성할 수 있도록 함께 노력하도록','모집 대상\n▶뚜렷한 목표를 가지고 공부하고 있는 사람\n▶이루고 싶은 목표가 한가지 이상 있는 사람\n\n매일 자신의 목표 설정(ex 아침 7시 기상, 3시간 이상 공부 등등) / 실천한 것을 인증하면 됩니다.\n주 2회(최소 1회) 온라인 만남으로 서로간의 피드백(목표 관리를 위해)을 할려고 합니다.\n\n게을러진 정신을 잡고 목표와 달성 여부를 서로 피드백 해주고 공부 의지 또한 다지기 위해 만들어졌습니다.\n혼자서 하는 것이 아니라 서로간의 목표를 공유하며 서로 챙겨 주고자 합니다.',6,'Study126hst1linkURL',10,'2022-02-18','2022-02-18','2022-02-18','2022-02-25',1,0),(127,60,7,'[JAVA]알고리즘/CS개념 공부','알고리즘 문제풀이와 인터뷰 대비 CS개념 같이 공부하실 분 구합니다~','예상 커리큘럼:\n1) 만나지 않는 날은 각자 정해진 갯수만큼 백준 알고리즘 문제 풀고 깃헙에 커밋, 페어와 코드리뷰.\n2) 모임에서는 알고리즘 문제 페어 프로그래밍 및 각자 준비한 CS개념 발표\n\n취업 준비를 목표로 하기 때문에 많은 시간 투자와 노력을 할애 하실 분만 지원해 주셨으면 좋겠습니다.  하루에 5시간 정도는 시간 투자가 가능하셔야 합니다. 저도 알고리즘 문제 풀이는 처음이라 아주 기초적인 수준이나 기초적인 자바 프로그래밍에 대한 학습이 되어 있으셔야 합니다. \n\n',6,'Study127hst60linkURL',10,'2022-02-01',NULL,'2022-02-18','2022-02-25',1,0),(128,60,2,'2023신입생이 되고싶어요','수능공부하자','수능공부를 해봅시다',6,'2023신입생이 되고싶어요60',10,NULL,NULL,'2022-02-18','2022-02-25',1,0),(129,64,7,'개발프로젝트 스터디','크루느낌으로 오랜기간 개발프로젝트 스터디 함께하실 분들 구합니다','현제 진행계획에올려논 프로젝트는 두개가있습니다 하나는 최대한빨리 시작할려고합니다.\n\n첫번째프로젝트로 사용할 기술스택은 nestjs,typeorm,apolloserver               \n\nreact,next,\n\n       mobx, aplloclinet,emotion,tailwind\n\nReactnative\n\nfigma,gsuit,slak또는 discord  awsec2와 람다 모두다써봐서 최적화되게 배치해보기 nginx로 ec2내에 프록시만들어서 적응형웹으로 구축계획이고요 정적데이터가 발생하는 프로젝트는아니라 rds나 nosql쓰게된다면 다른디비인스턴스를 aws내에서 쓸듯합니다\n\n소프트웨어적 구축이 다되고나면 물리적 잠금잠치가 필요한 서비스라 그부분 공부해서 만들거나 외주맞겨야하긴합니다.\n\n현재 생각중인 두번째 프로젝트는 webgl webxr기반으로 박물관 인터넷사이트,인트라넷으로 3d렌더링된 박물관의 전시품들을 체엄해볼수있는 기능 등과 직원 출결관리 시스템등을 추가한 박물관을위한 프로그램입니다.',6,'개발프로젝트 스터디64',10,NULL,NULL,'2022-02-18','2022-02-25',1,0),(130,58,5,'정처기 필기','무조건 딴다는 마인드로 합니다','Lorem ipsum dolor sit amet, consectetur adipiscing elit, sed do eiusmod tempor incididunt ut labore et dolore magna aliqua. Ut enim ad minim veniam, quis nostrud exercitation ullamco laboris nisi ut aliquip ex ea commodo consequat. Duis aute irure dolor in reprehenderit in voluptate velit esse cillum dolore eu fugiat nulla pariatur. Excepteur sint occaecat cupidatat non proident, sunt in culpa qui officia deserunt mollit anim id est laborum\n\nLorem ipsum dolor sit amet, consectetur adipiscing elit, sed do eiusmod tempor incididunt ut labore et dolore magna aliqua. Ut enim ad minim veniam, quis nostrud exercitation ullamco laboris nisi ut aliquip ex ea commodo consequat. Duis aute irure dolor in reprehenderit in voluptate velit esse cillum dolore eu fugiat nulla pariatur. Excepteur sint occaecat cupidatat non proident, sunt in culpa qui officia deserunt mollit anim id est laborum',6,'Study130hst58linkURL',10,'2022-02-18',NULL,'2022-02-18','2022-02-25',1,0),(131,58,3,'알고리즘 스터디','백준 하루 4문제 풀고 코드리뷰','Sed ut perspiciatis unde omnis iste natus error sit voluptatem accusantium doloremque laudantium, totam rem aperiam, eaque ipsa quae ab illo inventore veritatis et quasi architecto beatae vitae dicta sunt explicabo. Nemo enim ipsam voluptatem quia voluptas sit aspernatur aut odit aut fugit, sed quia consequuntur magni dolores eos qui ratione voluptatem sequi nesciunt. Neque porro quisquam est, qui dolorem ipsum quia dolor sit amet, consectetur, adipisci velit, sed quia non numquam eius modi tempora incidunt \n\nut labore et dolore magnam aliquam quaerat voluptatem. Ut enim ad minima veniam, quis nostrum exercitationem ullam corporis suscipit laboriosam, nisi ut aliquid ex ea commodi consequatur? Quis autem vel eum iure reprehenderit qui in ea voluptate velit esse quam nihil molestiae consequatur, vel illum qui dolorem eum fugiat quo voluptas nulla pariatur?',6,'알고리즘 스터디58',10,NULL,NULL,'2022-02-18','2022-02-25',1,0),(132,64,3,'취업스터디모집','취뽀하자!','최업스터디 모집합니다',6,'Study132hst64linkURL',10,'2022-02-18',NULL,'2022-02-18','2022-02-26',1,0),(133,64,5,'정보처리기사','자격증땁시다','자격증 공부',6,'Study133hst64linkURL',10,'2022-02-18',NULL,'2022-02-18','2022-02-28',1,0),(134,1,7,'정보처리기사 자격증 취득','정보처리기사','정보처리기사 공부합시다',6,'Study134hst1linkURL',10,'2022-02-18',NULL,'2022-02-18','2022-03-04',1,0),(135,1,7,'알고리즘 스터디','알고리즘 스터디','알고리즘 스터디 하실분~~',6,'알고리즘 스터디1',10,NULL,NULL,'2022-02-18','2022-02-25',1,0),(136,1,4,'스터디','스터디','안녕!',6,'Study136hst1linkURL',10,'2022-02-18',NULL,'2022-02-18','2022-02-25',1,0),(137,58,5,'알고리즘 스터디','하루에 백준 네문제로 플래가자~','일주일에 두번씩 백준 알고리즘 문제 풀 사람 구해요\n\n깃허브로 서로 코드리뷰하면서 빡세게 진행할 예정입니다. \n\n시간 조정 가능하구요.\n\n같이 코테 뿌셔버립시다',6,'알고리즘 스터디58',10,NULL,NULL,'2022-02-18','2022-03-01',1,0),(138,1,3,'싸피생 스터디','싸피생 스터디','싸피생 모여라~~~',6,'Study138hst1linkURL',10,'2022-02-18',NULL,'2022-02-18','2022-02-25',1,1),(139,1,3,'사랑하는 싸피생ㄷ르','사랑하는 싸피생들','스터디!',6,'Study139hst1linkURL',10,'2022-02-18',NULL,'2022-02-18','2022-02-25',1,0);
/*!40000 ALTER TABLE `tb_study` ENABLE KEYS */;
UNLOCK TABLES;

--
-- Table structure for table `tb_todo`
--

DROP TABLE IF EXISTS `tb_todo`;
/*!40101 SET @saved_cs_client     = @@character_set_client */;
/*!50503 SET character_set_client = utf8mb4 */;
CREATE TABLE `tb_todo` (
  `todo_seq` int NOT NULL AUTO_INCREMENT,
  `user_seq` int NOT NULL,
  `todo_date` date NOT NULL,
  `todo_content` varchar(150) CHARACTER SET utf8 COLLATE utf8_bin NOT NULL,
  `todo_completed` tinyint(1) NOT NULL DEFAULT '0',
  PRIMARY KEY (`todo_seq`),
  KEY `FK_tb_user_TO_tb_todo_1` (`user_seq`),
  CONSTRAINT `FK_tb_user_TO_tb_todo_1` FOREIGN KEY (`user_seq`) REFERENCES `tb_user` (`user_seq`)
) ENGINE=InnoDB AUTO_INCREMENT=355 DEFAULT CHARSET=utf8mb3 COLLATE=utf8_bin;
/*!40101 SET character_set_client = @saved_cs_client */;

--
-- Dumping data for table `tb_todo`
--

LOCK TABLES `tb_todo` WRITE;
/*!40000 ALTER TABLE `tb_todo` DISABLE KEYS */;
INSERT INTO `tb_todo` VALUES (309,59,'2022-02-18','자유열람실 만들기',1),(310,59,'2022-02-18','스터디 가입신청 하기',1),(311,59,'2022-02-18','자유열람실에서 공부 3시간 이상 하기',1),(319,63,'2022-02-18','UCC 동영상 완성하기',0),(320,63,'2022-02-18','발표 평가하기',0),(321,63,'2022-02-18','프로젝트 마무리!',0),(322,63,'2022-02-18','밥 먹기',1),(323,63,'2022-02-18','잠자기',1),(324,62,'2022-02-18','발표하기! (두근두근..)',0),(325,62,'2022-02-18','밥 잘 먹기',0),(326,62,'2022-02-18','잠 좀 자기 ㅜㅡㅜ',1),(327,62,'2022-02-18','노력하기',1),(328,1,'2022-02-17','발표자료 완성하기',1),(329,1,'2022-02-17','코드 수정',1),(330,1,'2022-02-17','잠자기',0),(331,1,'2022-02-16','스터디룸 기능 완성하기',1),(332,1,'2022-02-16','책 10장 읽기',0),(333,1,'2022-02-16','DB 정리하기',1),(334,1,'2022-02-16','밥 먹기',1),(335,1,'2022-02-16','잠 잘 자기',0),(336,59,'2022-02-18','사람들과 소통하면서 공부하기',1),(337,59,'2022-02-18','스터디 만들기',0),(338,59,'2022-02-18','스터디 팀원 받기',0),(339,1,'2022-02-18','발표 준비하기',1),(340,1,'2022-02-18','와플먹기',0),(341,64,'2022-02-18','오늘의 할일',0),(342,64,'2022-02-18','공부하기',0),(343,64,'2022-02-18','밥먹기',0),(344,64,'2022-02-18','잠자기',0),(351,65,'2022-02-18','발표 참여',0),(353,1,'2022-02-18','발표하기',0),(354,1,'2022-02-18','자러가기',0);
/*!40000 ALTER TABLE `tb_todo` ENABLE KEYS */;
UNLOCK TABLES;

--
-- Table structure for table `tb_user`
--

DROP TABLE IF EXISTS `tb_user`;
/*!40101 SET @saved_cs_client     = @@character_set_client */;
/*!50503 SET character_set_client = utf8mb4 */;
CREATE TABLE `tb_user` (
  `user_seq` int NOT NULL AUTO_INCREMENT,
  `level_seq` smallint NOT NULL DEFAULT '1',
  `level_img_seq` smallint NOT NULL DEFAULT '1',
  `is_admin` tinyint(1) NOT NULL DEFAULT '0' COMMENT 'false: 일반 사용자, true: 관리자',
  `user_email` varchar(320) CHARACTER SET utf8 COLLATE utf8_bin NOT NULL,
  `user_nickname` varchar(15) CHARACTER SET utf8 COLLATE utf8_bin NOT NULL,
  `user_password` varchar(255) CHARACTER SET utf8 COLLATE utf8_bin NOT NULL,
  `user_profile_msg` varchar(500) CHARACTER SET utf8 COLLATE utf8_bin DEFAULT ' ',
  `user_img` varchar(1000) CHARACTER SET utf8 COLLATE utf8_bin DEFAULT NULL,
  `user_time_total` int DEFAULT '0' COMMENT '== 사용자 경험치',
  `user_time_goal` smallint DEFAULT '0',
  `user_warning` tinyint NOT NULL DEFAULT '0',
  PRIMARY KEY (`user_seq`),
  KEY `FK_tb_level_TO_tb_user_1` (`level_seq`),
  KEY `FK_tb_level_TO_tb_user_2` (`level_img_seq`),
  CONSTRAINT `FK_tb_level_TO_tb_user_1` FOREIGN KEY (`level_seq`) REFERENCES `tb_level` (`level_seq`) ON DELETE CASCADE ON UPDATE CASCADE,
  CONSTRAINT `FK_tb_level_TO_tb_user_2` FOREIGN KEY (`level_img_seq`) REFERENCES `tb_level` (`level_seq`) ON DELETE CASCADE ON UPDATE CASCADE
) ENGINE=InnoDB AUTO_INCREMENT=67 DEFAULT CHARSET=utf8mb3 COLLATE=utf8_bin;
/*!40101 SET character_set_client = @saved_cs_client */;

--
-- Dumping data for table `tb_user`
--

LOCK TABLES `tb_user` WRITE;
/*!40000 ALTER TABLE `tb_user` DISABLE KEYS */;
INSERT INTO `tb_user` VALUES (1,6,6,0,'gongsp.sw@gmail.com','와플이','$2a$10$VW4tKEcYDNPauShfzcMOVexKWNTAaD42Rq1aXB90rFjOs7lp3lYRi',' 와플이입니당\r\n최애는 시나몬애플와플!','6ce75a19-0041-448f-b531-99271ce440f8_waffle.jfif',137571,360,0),(58,1,1,0,'seyeon956@naver.com','winter','$2a$10$Ht7Fj8KLiFw3gu7lx2lLLOO9nqUDDgksRfr00f9//bN.EuKXvZ5f.',' Winter Is coming Winter Is coming Winter Is coming Winter Is coming\r\n\r\n Winter Is coming Winter Is coming Winter Is coming Winter Is coming\r\n Winter Is coming Winter Is coming Winter Is coming','d98610e2-1291-463b-98ca-798a8b7fa3be_blackpink01.jpeg',136,720,0),(59,1,1,0,'choymoonk@gmail.com','choymoon','$2a$10$SOT6xCnb4vEO9TK9LFaol.BlgQnrN6Md.HeM6jhAv8aHB1yUm03cu',' 야호 드디어 공습에 가입했다 :)','c1cc6891-1aa3-415a-b86d-67a63883ed33_choonsik.jpg',390,300,0),(60,1,1,0,'eylee1113@naver.com','eylee1113','$2a$10$pUt/fYwQ5sG8NtwOUAlSV.moT2jL8DidAEr3jeZX4WpV1iOYd.242',' 수정을합시다','67cd13fa-f63d-4df3-bf07-6e7f38d29b37_elen.jfif',44,0,0),(61,1,1,0,'ey96lee1113@gmail.com','waffle','$2a$10$XyGrGH8v/NDBtkc4zJxpkeGNPVO.A9Xa.tVOFAX75FsyTlbNTbq/2',' hello ','9f171f68-28b7-4b42-a475-b356236e73da_blackpink03.jpg',0,720,0),(62,1,1,0,'tmzkdlvm9876@gmail.com','지영이','$2a$10$X0TERGWfaeEzq1Bkrt92C.K9CYRU6QMV7jH/2qmUPiTiax5uCHoYy',' 멋진 인생! 둥뒤리리리리두리둥~',NULL,40,0,0),(63,1,1,0,'itzmeee@naver.com','잇츠미이이','$2a$10$QR5MlHcpomiyP7q.vCNaYODPkqiNXi8eHbKy66cM5RbDPYy8rvoz6','철저한 아침형 인간... ~0~','4da6569a-25db-42d8-9732-4ae530bd6d1b_IMG_2379.jpg',176,0,0),(64,1,1,0,'eylee96113@gmail.com','공습이','$2a$10$N852Cn.LMDMpwCN3ZYi7s.ZNoT7ObyE3m/UOYRsr2jYV4ZEuN2f2K',' ',NULL,5,0,0),(65,1,1,0,'chlrhkdgh93@naver.com','팡호','$2a$10$2p3zGrzN7rw5i1n9sAMkIe02wFmkwxpzAYPUdzQnnvXqmju4TUa1a',' ',NULL,114,0,0),(66,1,1,0,'eylee1113@nate.com','와플공습','$2a$10$MCrpyOSzHhYU8rNxZ1FbKOo81HJOiw2QItqOQCGK4gtBsf2AocdTa',' ',NULL,0,0,0);
/*!40000 ALTER TABLE `tb_user` ENABLE KEYS */;
UNLOCK TABLES;

--
-- Table structure for table `tb_user_achieve`
--

DROP TABLE IF EXISTS `tb_user_achieve`;
/*!40101 SET @saved_cs_client     = @@character_set_client */;
/*!50503 SET character_set_client = utf8mb4 */;
CREATE TABLE `tb_user_achieve` (
  `user_achieve_seq` int NOT NULL AUTO_INCREMENT,
  `user_seq` int NOT NULL,
  `achieve_seq` int NOT NULL,
  `is_achieve_active` tinyint(1) NOT NULL DEFAULT '0',
  PRIMARY KEY (`user_achieve_seq`),
  KEY `FK_tb_user_TO_tb_user_achieve_1` (`user_seq`),
  KEY `FK_tb_achieve_TO_tb_user_achieve_1` (`achieve_seq`),
  CONSTRAINT `FK_tb_achieve_TO_tb_user_achieve_1` FOREIGN KEY (`achieve_seq`) REFERENCES `tb_achieve` (`achieve_seq`),
  CONSTRAINT `FK_tb_user_TO_tb_user_achieve_1` FOREIGN KEY (`user_seq`) REFERENCES `tb_user` (`user_seq`)
) ENGINE=InnoDB AUTO_INCREMENT=74 DEFAULT CHARSET=utf8mb3 COLLATE=utf8_bin;
/*!40101 SET character_set_client = @saved_cs_client */;

--
-- Dumping data for table `tb_user_achieve`
--

LOCK TABLES `tb_user_achieve` WRITE;
/*!40000 ALTER TABLE `tb_user_achieve` DISABLE KEYS */;
INSERT INTO `tb_user_achieve` VALUES (1,1,1,1),(41,58,1,0),(42,59,1,0),(43,60,1,0),(44,61,1,0),(45,59,10,0),(46,1,2,0),(47,1,10,0),(48,1,14,0),(50,59,15,1),(51,1,11,0),(52,1,15,0),(53,60,11,0),(54,60,15,0),(55,1,7,0),(56,1,8,0),(57,62,1,1),(58,63,1,0),(59,63,11,0),(60,63,15,1),(61,63,10,0),(62,62,10,0),(63,62,11,0),(64,64,1,1),(65,64,10,0),(66,58,10,0),(67,60,10,0),(68,58,11,1),(69,65,1,0),(70,64,11,0),(71,66,1,0),(72,66,10,0),(73,65,10,0);
/*!40000 ALTER TABLE `tb_user_achieve` ENABLE KEYS */;
UNLOCK TABLES;
/*!40103 SET TIME_ZONE=@OLD_TIME_ZONE */;

/*!40101 SET SQL_MODE=@OLD_SQL_MODE */;
/*!40014 SET FOREIGN_KEY_CHECKS=@OLD_FOREIGN_KEY_CHECKS */;
/*!40014 SET UNIQUE_CHECKS=@OLD_UNIQUE_CHECKS */;
/*!40101 SET CHARACTER_SET_CLIENT=@OLD_CHARACTER_SET_CLIENT */;
/*!40101 SET CHARACTER_SET_RESULTS=@OLD_CHARACTER_SET_RESULTS */;
/*!40101 SET COLLATION_CONNECTION=@OLD_COLLATION_CONNECTION */;
/*!40111 SET SQL_NOTES=@OLD_SQL_NOTES */;

-- Dump completed on 2022-02-18 16:12:20
